--
-- PostgreSQL database dump
--

-- Dumped from database version 9.6.1
-- Dumped by pg_dump version 9.6.1

SET statement_timeout = 0;
SET lock_timeout = 0;
SET client_encoding = 'UTF8';
SET standard_conforming_strings = on;
SET check_function_bodies = false;
SET client_min_messages = warning;

SET search_path = public, pg_catalog;

ALTER TABLE IF EXISTS ONLY public.history_trades DROP CONSTRAINT IF EXISTS history_trades_counter_asset_id_fkey;
ALTER TABLE IF EXISTS ONLY public.history_trades DROP CONSTRAINT IF EXISTS history_trades_counter_account_id_fkey;
ALTER TABLE IF EXISTS ONLY public.history_trades DROP CONSTRAINT IF EXISTS history_trades_base_asset_id_fkey;
ALTER TABLE IF EXISTS ONLY public.history_trades DROP CONSTRAINT IF EXISTS history_trades_base_account_id_fkey;
ALTER TABLE IF EXISTS ONLY public.exp_history_trades DROP CONSTRAINT IF EXISTS exp_history_trades_counter_asset_id_fkey;
ALTER TABLE IF EXISTS ONLY public.exp_history_trades DROP CONSTRAINT IF EXISTS exp_history_trades_counter_account_id_fkey;
ALTER TABLE IF EXISTS ONLY public.exp_history_trades DROP CONSTRAINT IF EXISTS exp_history_trades_base_asset_id_fkey;
ALTER TABLE IF EXISTS ONLY public.exp_history_trades DROP CONSTRAINT IF EXISTS exp_history_trades_base_account_id_fkey;
ALTER TABLE IF EXISTS ONLY public.asset_stats DROP CONSTRAINT IF EXISTS asset_stats_id_fkey;
DROP INDEX IF EXISTS public.trust_lines_by_type_code_issuer;
DROP INDEX IF EXISTS public.trust_lines_by_issuer;
DROP INDEX IF EXISTS public.trust_lines_by_account_id;
DROP INDEX IF EXISTS public.trade_effects_by_order_book;
DROP INDEX IF EXISTS public.signers_by_account;
DROP INDEX IF EXISTS public.offers_by_selling_asset;
DROP INDEX IF EXISTS public.offers_by_seller;
DROP INDEX IF EXISTS public.offers_by_last_modified_ledger;
DROP INDEX IF EXISTS public.offers_by_buying_asset;
DROP INDEX IF EXISTS public.index_history_transactions_on_id;
DROP INDEX IF EXISTS public.index_history_operations_on_type;
DROP INDEX IF EXISTS public.index_history_operations_on_transaction_id;
DROP INDEX IF EXISTS public.index_history_operations_on_id;
DROP INDEX IF EXISTS public.index_history_ledgers_on_sequence;
DROP INDEX IF EXISTS public.index_history_ledgers_on_previous_ledger_hash;
DROP INDEX IF EXISTS public.index_history_ledgers_on_ledger_hash;
DROP INDEX IF EXISTS public.index_history_ledgers_on_importer_version;
DROP INDEX IF EXISTS public.index_history_ledgers_on_id;
DROP INDEX IF EXISTS public.index_history_ledgers_on_closed_at;
DROP INDEX IF EXISTS public.index_history_effects_on_type;
DROP INDEX IF EXISTS public.index_history_accounts_on_id;
DROP INDEX IF EXISTS public.index_history_accounts_on_address;
DROP INDEX IF EXISTS public.htrd_time_lookup;
DROP INDEX IF EXISTS public.htrd_pid;
DROP INDEX IF EXISTS public.htrd_pair_time_lookup;
DROP INDEX IF EXISTS public.htrd_counter_lookup;
DROP INDEX IF EXISTS public.htrd_by_offer;
DROP INDEX IF EXISTS public.htrd_by_counter_offer;
DROP INDEX IF EXISTS public.htrd_by_counter_account;
DROP INDEX IF EXISTS public.htrd_by_base_offer;
DROP INDEX IF EXISTS public.htrd_by_base_account;
DROP INDEX IF EXISTS public.htp_by_htid;
DROP INDEX IF EXISTS public.hs_transaction_by_id;
DROP INDEX IF EXISTS public.hs_ledger_by_id;
DROP INDEX IF EXISTS public.hop_by_hoid;
DROP INDEX IF EXISTS public.hist_tx_p_id;
DROP INDEX IF EXISTS public.hist_op_p_id;
DROP INDEX IF EXISTS public.hist_e_id;
DROP INDEX IF EXISTS public.hist_e_by_order;
DROP INDEX IF EXISTS public.exp_htrd_time_lookup;
DROP INDEX IF EXISTS public.exp_htrd_pid;
DROP INDEX IF EXISTS public.exp_htrd_pair_time_lookup;
DROP INDEX IF EXISTS public.exp_htrd_counter_lookup;
DROP INDEX IF EXISTS public.exp_htrd_by_offer;
DROP INDEX IF EXISTS public.exp_htrd_by_counter_offer;
DROP INDEX IF EXISTS public.exp_htrd_by_counter_account;
DROP INDEX IF EXISTS public.exp_htrd_by_base_offer;
DROP INDEX IF EXISTS public.exp_htrd_by_base_account;
DROP INDEX IF EXISTS public.exp_history_transactions_transaction_hash_idx;
DROP INDEX IF EXISTS public.exp_history_transactions_ledger_sequence_application_order_idx;
DROP INDEX IF EXISTS public.exp_history_transactions_id_idx;
DROP INDEX IF EXISTS public.exp_history_transactions_account_account_sequence_idx;
DROP INDEX IF EXISTS public.exp_history_transaction_participants_history_transaction_id_idx;
DROP INDEX IF EXISTS public.exp_history_transaction_parti_history_account_id_history_tr_idx;
DROP INDEX IF EXISTS public.exp_history_operations_type_idx;
DROP INDEX IF EXISTS public.exp_history_operations_transaction_id_idx;
DROP INDEX IF EXISTS public.exp_history_operations_id_idx;
DROP INDEX IF EXISTS public.exp_history_operation_participants_history_operation_id_idx;
DROP INDEX IF EXISTS public.exp_history_operation_partici_history_account_id_history_op_idx;
DROP INDEX IF EXISTS public.exp_history_ledgers_sequence_idx;
DROP INDEX IF EXISTS public.exp_history_ledgers_previous_ledger_hash_idx;
DROP INDEX IF EXISTS public.exp_history_ledgers_ledger_hash_idx;
DROP INDEX IF EXISTS public.exp_history_ledgers_importer_version_idx;
DROP INDEX IF EXISTS public.exp_history_ledgers_id_idx;
DROP INDEX IF EXISTS public.exp_history_ledgers_closed_at_idx;
DROP INDEX IF EXISTS public.exp_history_effects_type_idx;
DROP INDEX IF EXISTS public.exp_history_effects_history_operation_id_order_idx;
DROP INDEX IF EXISTS public.exp_history_effects_history_account_id_history_operation_id_idx;
DROP INDEX IF EXISTS public.exp_history_effects_expr_expr1_expr2_expr3_expr4_expr5_idx;
DROP INDEX IF EXISTS public.exp_history_assets_asset_issuer_idx;
DROP INDEX IF EXISTS public.exp_history_assets_asset_code_idx;
DROP INDEX IF EXISTS public.exp_history_accounts_id_idx;
DROP INDEX IF EXISTS public.exp_history_accounts_address_idx;
DROP INDEX IF EXISTS public.exp_asset_stats_by_issuer;
DROP INDEX IF EXISTS public.exp_asset_stats_by_code;
DROP INDEX IF EXISTS public.by_ledger;
DROP INDEX IF EXISTS public.by_hash;
DROP INDEX IF EXISTS public.by_account;
DROP INDEX IF EXISTS public.asset_by_issuer;
DROP INDEX IF EXISTS public.asset_by_code;
DROP INDEX IF EXISTS public.accounts_inflation_destination;
DROP INDEX IF EXISTS public.accounts_home_domain;
DROP INDEX IF EXISTS public.accounts_data_account_id_name;
ALTER TABLE IF EXISTS ONLY public.trust_lines DROP CONSTRAINT IF EXISTS trust_lines_pkey;
ALTER TABLE IF EXISTS ONLY public.offers DROP CONSTRAINT IF EXISTS offers_pkey;
ALTER TABLE IF EXISTS ONLY public.key_value_store DROP CONSTRAINT IF EXISTS key_value_store_pkey;
ALTER TABLE IF EXISTS ONLY public.history_transaction_participants DROP CONSTRAINT IF EXISTS history_transaction_participants_pkey;
ALTER TABLE IF EXISTS ONLY public.history_operation_participants DROP CONSTRAINT IF EXISTS history_operation_participants_pkey;
ALTER TABLE IF EXISTS ONLY public.history_assets DROP CONSTRAINT IF EXISTS history_assets_pkey;
ALTER TABLE IF EXISTS ONLY public.history_assets DROP CONSTRAINT IF EXISTS history_assets_asset_code_asset_type_asset_issuer_key;
ALTER TABLE IF EXISTS ONLY public.gorp_migrations DROP CONSTRAINT IF EXISTS gorp_migrations_pkey;
ALTER TABLE IF EXISTS ONLY public.exp_history_transaction_participants DROP CONSTRAINT IF EXISTS exp_history_transaction_participants_pkey;
ALTER TABLE IF EXISTS ONLY public.exp_history_operation_participants DROP CONSTRAINT IF EXISTS exp_history_operation_participants_pkey;
ALTER TABLE IF EXISTS ONLY public.exp_history_assets DROP CONSTRAINT IF EXISTS exp_history_assets_pkey;
ALTER TABLE IF EXISTS ONLY public.exp_history_assets DROP CONSTRAINT IF EXISTS exp_history_assets_asset_code_asset_type_asset_issuer_key;
ALTER TABLE IF EXISTS ONLY public.exp_asset_stats DROP CONSTRAINT IF EXISTS exp_asset_stats_pkey;
ALTER TABLE IF EXISTS ONLY public.asset_stats DROP CONSTRAINT IF EXISTS asset_stats_pkey;
ALTER TABLE IF EXISTS ONLY public.accounts_signers DROP CONSTRAINT IF EXISTS accounts_signers_pkey;
ALTER TABLE IF EXISTS ONLY public.accounts DROP CONSTRAINT IF EXISTS accounts_pkey;
ALTER TABLE IF EXISTS ONLY public.accounts_data DROP CONSTRAINT IF EXISTS accounts_data_pkey;
ALTER TABLE IF EXISTS public.history_transaction_participants ALTER COLUMN id DROP DEFAULT;
ALTER TABLE IF EXISTS public.history_operation_participants ALTER COLUMN id DROP DEFAULT;
ALTER TABLE IF EXISTS public.history_assets ALTER COLUMN id DROP DEFAULT;
DROP TABLE IF EXISTS public.trust_lines;
DROP TABLE IF EXISTS public.offers;
DROP TABLE IF EXISTS public.key_value_store;
DROP TABLE IF EXISTS public.history_transactions;
DROP TABLE IF EXISTS public.history_trades;
DROP TABLE IF EXISTS public.history_operations;
DROP TABLE IF EXISTS public.history_ledgers;
DROP TABLE IF EXISTS public.history_effects;
DROP TABLE IF EXISTS public.history_accounts;
DROP TABLE IF EXISTS public.gorp_migrations;
DROP TABLE IF EXISTS public.exp_history_transactions;
DROP TABLE IF EXISTS public.exp_history_transaction_participants;
DROP SEQUENCE IF EXISTS public.history_transaction_participants_id_seq;
DROP TABLE IF EXISTS public.history_transaction_participants;
DROP TABLE IF EXISTS public.exp_history_trades;
DROP TABLE IF EXISTS public.exp_history_operations;
DROP TABLE IF EXISTS public.exp_history_operation_participants;
DROP SEQUENCE IF EXISTS public.history_operation_participants_id_seq;
DROP TABLE IF EXISTS public.history_operation_participants;
DROP TABLE IF EXISTS public.exp_history_ledgers;
DROP TABLE IF EXISTS public.exp_history_effects;
DROP TABLE IF EXISTS public.exp_history_assets;
DROP SEQUENCE IF EXISTS public.history_assets_id_seq;
DROP TABLE IF EXISTS public.history_assets;
DROP TABLE IF EXISTS public.exp_history_accounts;
DROP SEQUENCE IF EXISTS public.history_accounts_id_seq;
DROP TABLE IF EXISTS public.exp_asset_stats;
DROP TABLE IF EXISTS public.asset_stats;
DROP TABLE IF EXISTS public.accounts_signers;
DROP TABLE IF EXISTS public.accounts_data;
DROP TABLE IF EXISTS public.accounts;
DROP AGGREGATE IF EXISTS public.min_price(numeric[]);
DROP AGGREGATE IF EXISTS public.max_price(numeric[]);
DROP AGGREGATE IF EXISTS public.last(anyelement);
DROP AGGREGATE IF EXISTS public.first(anyelement);
DROP FUNCTION IF EXISTS public.min_price_agg(numeric[], numeric[]);
DROP FUNCTION IF EXISTS public.max_price_agg(numeric[], numeric[]);
DROP FUNCTION IF EXISTS public.last_agg(anyelement, anyelement);
DROP FUNCTION IF EXISTS public.first_agg(anyelement, anyelement);
DROP EXTENSION IF EXISTS plpgsql;
DROP SCHEMA IF EXISTS public;
--
-- Name: public; Type: SCHEMA; Schema: -; Owner: -
--

CREATE SCHEMA public;


--
-- Name: SCHEMA public; Type: COMMENT; Schema: -; Owner: -
--

COMMENT ON SCHEMA public IS 'standard public schema';


--
-- Name: plpgsql; Type: EXTENSION; Schema: -; Owner: -
--

CREATE EXTENSION IF NOT EXISTS plpgsql WITH SCHEMA pg_catalog;


--
-- Name: EXTENSION plpgsql; Type: COMMENT; Schema: -; Owner: -
--

COMMENT ON EXTENSION plpgsql IS 'PL/pgSQL procedural language';


SET search_path = public, pg_catalog;

--
-- Name: first_agg(anyelement, anyelement); Type: FUNCTION; Schema: public; Owner: -
--

CREATE FUNCTION first_agg(anyelement, anyelement) RETURNS anyelement
    LANGUAGE sql IMMUTABLE STRICT
    AS $_$ SELECT $1 $_$;


--
-- Name: last_agg(anyelement, anyelement); Type: FUNCTION; Schema: public; Owner: -
--

CREATE FUNCTION last_agg(anyelement, anyelement) RETURNS anyelement
    LANGUAGE sql IMMUTABLE STRICT
    AS $_$ SELECT $2 $_$;


--
-- Name: max_price_agg(numeric[], numeric[]); Type: FUNCTION; Schema: public; Owner: -
--

CREATE FUNCTION max_price_agg(numeric[], numeric[]) RETURNS numeric[]
    LANGUAGE sql IMMUTABLE STRICT
    AS $_$ SELECT (
  CASE WHEN $1[1]/$1[2]>$2[1]/$2[2] THEN $1 ELSE $2 END) $_$;


--
-- Name: min_price_agg(numeric[], numeric[]); Type: FUNCTION; Schema: public; Owner: -
--

CREATE FUNCTION min_price_agg(numeric[], numeric[]) RETURNS numeric[]
    LANGUAGE sql IMMUTABLE STRICT
    AS $_$ SELECT (
  CASE WHEN $1[1]/$1[2]<$2[1]/$2[2] THEN $1 ELSE $2 END) $_$;


--
-- Name: first(anyelement); Type: AGGREGATE; Schema: public; Owner: -
--

CREATE AGGREGATE first(anyelement) (
    SFUNC = first_agg,
    STYPE = anyelement
);


--
-- Name: last(anyelement); Type: AGGREGATE; Schema: public; Owner: -
--

CREATE AGGREGATE last(anyelement) (
    SFUNC = last_agg,
    STYPE = anyelement
);


--
-- Name: max_price(numeric[]); Type: AGGREGATE; Schema: public; Owner: -
--

CREATE AGGREGATE max_price(numeric[]) (
    SFUNC = max_price_agg,
    STYPE = numeric[]
);


--
-- Name: min_price(numeric[]); Type: AGGREGATE; Schema: public; Owner: -
--

CREATE AGGREGATE min_price(numeric[]) (
    SFUNC = min_price_agg,
    STYPE = numeric[]
);


SET default_tablespace = '';

SET default_with_oids = false;

--
-- Name: accounts; Type: TABLE; Schema: public; Owner: -
--

CREATE TABLE accounts (
    account_id character varying(56) NOT NULL,
    balance bigint NOT NULL,
    buying_liabilities bigint NOT NULL,
    selling_liabilities bigint NOT NULL,
    sequence_number bigint NOT NULL,
    num_subentries integer NOT NULL,
    inflation_destination character varying(56) NOT NULL,
    flags integer NOT NULL,
    home_domain character varying(32) NOT NULL,
    master_weight smallint NOT NULL,
    threshold_low smallint NOT NULL,
    threshold_medium smallint NOT NULL,
    threshold_high smallint NOT NULL,
    last_modified_ledger integer NOT NULL
);


--
-- Name: accounts_data; Type: TABLE; Schema: public; Owner: -
--

CREATE TABLE accounts_data (
    ledger_key character varying(150) NOT NULL,
    account_id character varying(56) NOT NULL,
    name character varying(64) NOT NULL,
    value character varying(90) NOT NULL,
    last_modified_ledger integer NOT NULL
);


--
-- Name: accounts_signers; Type: TABLE; Schema: public; Owner: -
--

CREATE TABLE accounts_signers (
    account_id character varying(64) NOT NULL,
    signer character varying(64) NOT NULL,
    weight integer NOT NULL
);


--
-- Name: asset_stats; Type: TABLE; Schema: public; Owner: -
--

CREATE TABLE asset_stats (
    id bigint NOT NULL,
    amount character varying NOT NULL,
    num_accounts integer NOT NULL,
    flags smallint NOT NULL,
    toml character varying(255) NOT NULL
);


--
-- Name: exp_asset_stats; Type: TABLE; Schema: public; Owner: -
--

CREATE TABLE exp_asset_stats (
    asset_type integer NOT NULL,
    asset_code character varying(12) NOT NULL,
    asset_issuer character varying(56) NOT NULL,
    amount text NOT NULL,
    num_accounts integer NOT NULL
);


--
-- Name: history_accounts_id_seq; Type: SEQUENCE; Schema: public; Owner: -
--

CREATE SEQUENCE history_accounts_id_seq
    START WITH 1
    INCREMENT BY 1
    NO MINVALUE
    NO MAXVALUE
    CACHE 1;


--
-- Name: exp_history_accounts; Type: TABLE; Schema: public; Owner: -
--

CREATE TABLE exp_history_accounts (
    id bigint DEFAULT nextval('history_accounts_id_seq'::regclass) NOT NULL,
    address character varying(64)
);


--
-- Name: history_assets; Type: TABLE; Schema: public; Owner: -
--

CREATE TABLE history_assets (
    id integer NOT NULL,
    asset_type character varying(64) NOT NULL,
    asset_code character varying(12) NOT NULL,
    asset_issuer character varying(56) NOT NULL
);


--
-- Name: history_assets_id_seq; Type: SEQUENCE; Schema: public; Owner: -
--

CREATE SEQUENCE history_assets_id_seq
    START WITH 1
    INCREMENT BY 1
    NO MINVALUE
    NO MAXVALUE
    CACHE 1;


--
-- Name: history_assets_id_seq; Type: SEQUENCE OWNED BY; Schema: public; Owner: -
--

ALTER SEQUENCE history_assets_id_seq OWNED BY history_assets.id;


--
-- Name: exp_history_assets; Type: TABLE; Schema: public; Owner: -
--

CREATE TABLE exp_history_assets (
    id integer DEFAULT nextval('history_assets_id_seq'::regclass) NOT NULL,
    asset_type character varying(64) NOT NULL,
    asset_code character varying(12) NOT NULL,
    asset_issuer character varying(56) NOT NULL
);


--
-- Name: exp_history_effects; Type: TABLE; Schema: public; Owner: -
--

CREATE TABLE exp_history_effects (
    history_account_id bigint NOT NULL,
    history_operation_id bigint NOT NULL,
    "order" integer NOT NULL,
    type integer NOT NULL,
    details jsonb
);


--
-- Name: exp_history_ledgers; Type: TABLE; Schema: public; Owner: -
--

CREATE TABLE exp_history_ledgers (
    sequence integer NOT NULL,
    ledger_hash character varying(64) NOT NULL,
    previous_ledger_hash character varying(64),
    transaction_count integer DEFAULT 0 NOT NULL,
    operation_count integer DEFAULT 0 NOT NULL,
    closed_at timestamp without time zone NOT NULL,
    created_at timestamp without time zone,
    updated_at timestamp without time zone,
    id bigint,
    importer_version integer DEFAULT 1 NOT NULL,
    total_coins bigint NOT NULL,
    fee_pool bigint NOT NULL,
    base_fee integer NOT NULL,
    base_reserve integer NOT NULL,
    max_tx_set_size integer NOT NULL,
    protocol_version integer DEFAULT 0 NOT NULL,
    ledger_header text,
    successful_transaction_count integer,
    failed_transaction_count integer
);


--
-- Name: history_operation_participants; Type: TABLE; Schema: public; Owner: -
--

CREATE TABLE history_operation_participants (
    id integer NOT NULL,
    history_operation_id bigint NOT NULL,
    history_account_id bigint NOT NULL
);


--
-- Name: history_operation_participants_id_seq; Type: SEQUENCE; Schema: public; Owner: -
--

CREATE SEQUENCE history_operation_participants_id_seq
    START WITH 1
    INCREMENT BY 1
    NO MINVALUE
    NO MAXVALUE
    CACHE 1;


--
-- Name: history_operation_participants_id_seq; Type: SEQUENCE OWNED BY; Schema: public; Owner: -
--

ALTER SEQUENCE history_operation_participants_id_seq OWNED BY history_operation_participants.id;


--
-- Name: exp_history_operation_participants; Type: TABLE; Schema: public; Owner: -
--

CREATE TABLE exp_history_operation_participants (
    id integer DEFAULT nextval('history_operation_participants_id_seq'::regclass) NOT NULL,
    history_operation_id bigint NOT NULL,
    history_account_id bigint NOT NULL
);


--
-- Name: exp_history_operations; Type: TABLE; Schema: public; Owner: -
--

CREATE TABLE exp_history_operations (
    id bigint NOT NULL,
    transaction_id bigint NOT NULL,
    application_order integer NOT NULL,
    type integer NOT NULL,
    details jsonb,
    source_account character varying(64) DEFAULT ''::character varying NOT NULL
);


--
-- Name: exp_history_trades; Type: TABLE; Schema: public; Owner: -
--

CREATE TABLE exp_history_trades (
    history_operation_id bigint NOT NULL,
    "order" integer NOT NULL,
    ledger_closed_at timestamp without time zone NOT NULL,
    offer_id bigint NOT NULL,
    base_account_id bigint NOT NULL,
    base_asset_id bigint NOT NULL,
    base_amount bigint NOT NULL,
    counter_account_id bigint NOT NULL,
    counter_asset_id bigint NOT NULL,
    counter_amount bigint NOT NULL,
    base_is_seller boolean,
    price_n bigint,
    price_d bigint,
    base_offer_id bigint,
    counter_offer_id bigint,
    CONSTRAINT exp_history_trades_base_amount_check CHECK ((base_amount >= 0)),
    CONSTRAINT exp_history_trades_check CHECK ((base_asset_id < counter_asset_id)),
    CONSTRAINT exp_history_trades_counter_amount_check CHECK ((counter_amount >= 0))
);


--
-- Name: history_transaction_participants; Type: TABLE; Schema: public; Owner: -
--

CREATE TABLE history_transaction_participants (
    id integer NOT NULL,
    history_transaction_id bigint NOT NULL,
    history_account_id bigint NOT NULL
);


--
-- Name: history_transaction_participants_id_seq; Type: SEQUENCE; Schema: public; Owner: -
--

CREATE SEQUENCE history_transaction_participants_id_seq
    START WITH 1
    INCREMENT BY 1
    NO MINVALUE
    NO MAXVALUE
    CACHE 1;


--
-- Name: history_transaction_participants_id_seq; Type: SEQUENCE OWNED BY; Schema: public; Owner: -
--

ALTER SEQUENCE history_transaction_participants_id_seq OWNED BY history_transaction_participants.id;


--
-- Name: exp_history_transaction_participants; Type: TABLE; Schema: public; Owner: -
--

CREATE TABLE exp_history_transaction_participants (
    id integer DEFAULT nextval('history_transaction_participants_id_seq'::regclass) NOT NULL,
    history_transaction_id bigint NOT NULL,
    history_account_id bigint NOT NULL
);


--
-- Name: exp_history_transactions; Type: TABLE; Schema: public; Owner: -
--

CREATE TABLE exp_history_transactions (
    transaction_hash character varying(64) NOT NULL,
    ledger_sequence integer NOT NULL,
    application_order integer NOT NULL,
    account character varying(64) NOT NULL,
    account_sequence bigint NOT NULL,
    max_fee integer NOT NULL,
    operation_count integer NOT NULL,
    created_at timestamp without time zone,
    updated_at timestamp without time zone,
    id bigint,
    tx_envelope text NOT NULL,
    tx_result text NOT NULL,
    tx_meta text NOT NULL,
    tx_fee_meta text NOT NULL,
    signatures character varying(96)[] DEFAULT '{}'::character varying[] NOT NULL,
    memo_type character varying DEFAULT 'none'::character varying NOT NULL,
    memo character varying,
    time_bounds int8range,
    successful boolean,
    fee_charged integer
);


--
-- Name: gorp_migrations; Type: TABLE; Schema: public; Owner: -
--

CREATE TABLE gorp_migrations (
    id text NOT NULL,
    applied_at timestamp with time zone
);


--
-- Name: history_accounts; Type: TABLE; Schema: public; Owner: -
--

CREATE TABLE history_accounts (
    id bigint DEFAULT nextval('history_accounts_id_seq'::regclass) NOT NULL,
    address character varying(64)
);


--
-- Name: history_effects; Type: TABLE; Schema: public; Owner: -
--

CREATE TABLE history_effects (
    history_account_id bigint NOT NULL,
    history_operation_id bigint NOT NULL,
    "order" integer NOT NULL,
    type integer NOT NULL,
    details jsonb
);


--
-- Name: history_ledgers; Type: TABLE; Schema: public; Owner: -
--

CREATE TABLE history_ledgers (
    sequence integer NOT NULL,
    ledger_hash character varying(64) NOT NULL,
    previous_ledger_hash character varying(64),
    transaction_count integer DEFAULT 0 NOT NULL,
    operation_count integer DEFAULT 0 NOT NULL,
    closed_at timestamp without time zone NOT NULL,
    created_at timestamp without time zone,
    updated_at timestamp without time zone,
    id bigint,
    importer_version integer DEFAULT 1 NOT NULL,
    total_coins bigint NOT NULL,
    fee_pool bigint NOT NULL,
    base_fee integer NOT NULL,
    base_reserve integer NOT NULL,
    max_tx_set_size integer NOT NULL,
    protocol_version integer DEFAULT 0 NOT NULL,
    ledger_header text,
    successful_transaction_count integer,
    failed_transaction_count integer
);


--
-- Name: history_operations; Type: TABLE; Schema: public; Owner: -
--

CREATE TABLE history_operations (
    id bigint NOT NULL,
    transaction_id bigint NOT NULL,
    application_order integer NOT NULL,
    type integer NOT NULL,
    details jsonb,
    source_account character varying(64) DEFAULT ''::character varying NOT NULL
);


--
-- Name: history_trades; Type: TABLE; Schema: public; Owner: -
--

CREATE TABLE history_trades (
    history_operation_id bigint NOT NULL,
    "order" integer NOT NULL,
    ledger_closed_at timestamp without time zone NOT NULL,
    offer_id bigint NOT NULL,
    base_account_id bigint NOT NULL,
    base_asset_id bigint NOT NULL,
    base_amount bigint NOT NULL,
    counter_account_id bigint NOT NULL,
    counter_asset_id bigint NOT NULL,
    counter_amount bigint NOT NULL,
    base_is_seller boolean,
    price_n bigint,
    price_d bigint,
    base_offer_id bigint,
    counter_offer_id bigint,
    CONSTRAINT history_trades_base_amount_check CHECK ((base_amount >= 0)),
    CONSTRAINT history_trades_check CHECK ((base_asset_id < counter_asset_id)),
    CONSTRAINT history_trades_counter_amount_check CHECK ((counter_amount >= 0))
);


--
-- Name: history_transactions; Type: TABLE; Schema: public; Owner: -
--

CREATE TABLE history_transactions (
    transaction_hash character varying(64) NOT NULL,
    ledger_sequence integer NOT NULL,
    application_order integer NOT NULL,
    account character varying(64) NOT NULL,
    account_sequence bigint NOT NULL,
    max_fee integer NOT NULL,
    operation_count integer NOT NULL,
    created_at timestamp without time zone,
    updated_at timestamp without time zone,
    id bigint,
    tx_envelope text NOT NULL,
    tx_result text NOT NULL,
    tx_meta text NOT NULL,
    tx_fee_meta text NOT NULL,
    signatures character varying(96)[] DEFAULT '{}'::character varying[] NOT NULL,
    memo_type character varying DEFAULT 'none'::character varying NOT NULL,
    memo character varying,
    time_bounds int8range,
    successful boolean,
    fee_charged integer
);


--
-- Name: key_value_store; Type: TABLE; Schema: public; Owner: -
--

CREATE TABLE key_value_store (
    key character varying(255) NOT NULL,
    value character varying(255) NOT NULL
);


--
-- Name: offers; Type: TABLE; Schema: public; Owner: -
--

CREATE TABLE offers (
    seller_id character varying(56) NOT NULL,
    offer_id bigint NOT NULL,
    selling_asset text NOT NULL,
    buying_asset text NOT NULL,
    amount bigint NOT NULL,
    pricen integer NOT NULL,
    priced integer NOT NULL,
    price double precision NOT NULL,
    flags integer NOT NULL,
    last_modified_ledger integer NOT NULL
);


--
-- Name: trust_lines; Type: TABLE; Schema: public; Owner: -
--

CREATE TABLE trust_lines (
    ledger_key character varying(150) NOT NULL,
    account_id character varying(56) NOT NULL,
    asset_type integer NOT NULL,
    asset_issuer character varying(56) NOT NULL,
    asset_code character varying(12) NOT NULL,
    balance bigint NOT NULL,
    trust_line_limit bigint NOT NULL,
    buying_liabilities bigint NOT NULL,
    selling_liabilities bigint NOT NULL,
    flags integer NOT NULL,
    last_modified_ledger integer NOT NULL
);


--
-- Name: history_assets id; Type: DEFAULT; Schema: public; Owner: -
--

ALTER TABLE ONLY history_assets ALTER COLUMN id SET DEFAULT nextval('history_assets_id_seq'::regclass);


--
-- Name: history_operation_participants id; Type: DEFAULT; Schema: public; Owner: -
--

ALTER TABLE ONLY history_operation_participants ALTER COLUMN id SET DEFAULT nextval('history_operation_participants_id_seq'::regclass);


--
-- Name: history_transaction_participants id; Type: DEFAULT; Schema: public; Owner: -
--

ALTER TABLE ONLY history_transaction_participants ALTER COLUMN id SET DEFAULT nextval('history_transaction_participants_id_seq'::regclass);


--
-- Data for Name: accounts; Type: TABLE DATA; Schema: public; Owner: -
--



--
-- Data for Name: accounts_data; Type: TABLE DATA; Schema: public; Owner: -
--



--
-- Data for Name: accounts_signers; Type: TABLE DATA; Schema: public; Owner: -
--



--
-- Data for Name: asset_stats; Type: TABLE DATA; Schema: public; Owner: -
--



--
-- Data for Name: exp_asset_stats; Type: TABLE DATA; Schema: public; Owner: -
--



--
-- Data for Name: exp_history_accounts; Type: TABLE DATA; Schema: public; Owner: -
--



--
-- Data for Name: exp_history_assets; Type: TABLE DATA; Schema: public; Owner: -
--



--
-- Data for Name: exp_history_effects; Type: TABLE DATA; Schema: public; Owner: -
--



--
-- Data for Name: exp_history_ledgers; Type: TABLE DATA; Schema: public; Owner: -
--



--
-- Data for Name: exp_history_operation_participants; Type: TABLE DATA; Schema: public; Owner: -
--



--
-- Data for Name: exp_history_operations; Type: TABLE DATA; Schema: public; Owner: -
--



--
-- Data for Name: exp_history_trades; Type: TABLE DATA; Schema: public; Owner: -
--



--
-- Data for Name: exp_history_transaction_participants; Type: TABLE DATA; Schema: public; Owner: -
--



--
-- Data for Name: exp_history_transactions; Type: TABLE DATA; Schema: public; Owner: -
--



--
-- Data for Name: gorp_migrations; Type: TABLE DATA; Schema: public; Owner: -
--

INSERT INTO gorp_migrations VALUES ('1_initial_schema.sql', '2020-01-13 15:39:29.326952+01');
INSERT INTO gorp_migrations VALUES ('2_index_participants_by_toid.sql', '2020-01-13 15:39:29.330981+01');
INSERT INTO gorp_migrations VALUES ('3_use_sequence_in_history_accounts.sql', '2020-01-13 15:39:29.33441+01');
INSERT INTO gorp_migrations VALUES ('4_add_protocol_version.sql', '2020-01-13 15:39:29.349155+01');
INSERT INTO gorp_migrations VALUES ('5_create_trades_table.sql', '2020-01-13 15:39:29.361313+01');
INSERT INTO gorp_migrations VALUES ('6_create_assets_table.sql', '2020-01-13 15:39:29.36864+01');
INSERT INTO gorp_migrations VALUES ('7_modify_trades_table.sql', '2020-01-13 15:39:29.380802+01');
INSERT INTO gorp_migrations VALUES ('8_add_aggregators.sql', '2020-01-13 15:39:29.384456+01');
INSERT INTO gorp_migrations VALUES ('8_create_asset_stats_table.sql', '2020-01-13 15:39:29.388661+01');
INSERT INTO gorp_migrations VALUES ('9_add_header_xdr.sql', '2020-01-13 15:39:29.39201+01');
INSERT INTO gorp_migrations VALUES ('10_add_trades_price.sql', '2020-01-13 15:39:29.39568+01');
INSERT INTO gorp_migrations VALUES ('11_add_trades_account_index.sql', '2020-01-13 15:39:29.400199+01');
INSERT INTO gorp_migrations VALUES ('12_asset_stats_amount_string.sql', '2020-01-13 15:39:29.40783+01');
INSERT INTO gorp_migrations VALUES ('13_trade_offer_ids.sql', '2020-01-13 15:39:29.413664+01');
INSERT INTO gorp_migrations VALUES ('14_fix_asset_toml_field.sql', '2020-01-13 15:39:29.415107+01');
INSERT INTO gorp_migrations VALUES ('15_ledger_failed_txs.sql', '2020-01-13 15:39:29.416981+01');
INSERT INTO gorp_migrations VALUES ('16_ingest_failed_transactions.sql', '2020-01-13 15:39:29.418501+01');
INSERT INTO gorp_migrations VALUES ('17_transaction_fee_paid.sql', '2020-01-13 15:39:29.42039+01');
INSERT INTO gorp_migrations VALUES ('18_account_for_signers.sql', '2020-01-13 15:39:29.426084+01');
INSERT INTO gorp_migrations VALUES ('19_offers.sql', '2020-01-13 15:39:29.435186+01');
INSERT INTO gorp_migrations VALUES ('20_account_for_signer_index.sql', '2020-01-13 15:39:29.437975+01');
INSERT INTO gorp_migrations VALUES ('21_trades_remove_zero_amount_constraints.sql', '2020-01-13 15:39:29.441272+01');
INSERT INTO gorp_migrations VALUES ('22_trust_lines.sql', '2020-01-13 15:39:29.4534+01');
INSERT INTO gorp_migrations VALUES ('23_exp_asset_stats.sql', '2020-01-13 15:39:29.461724+01');
INSERT INTO gorp_migrations VALUES ('24_accounts.sql', '2020-01-13 15:39:29.471259+01');
INSERT INTO gorp_migrations VALUES ('25_expingest_rename_columns.sql', '2020-01-13 15:39:29.47374+01');
INSERT INTO gorp_migrations VALUES ('26_exp_history_ledgers.sql', '2020-01-13 15:39:29.482999+01');
INSERT INTO gorp_migrations VALUES ('27_exp_history_transactions.sql', '2020-01-13 15:39:29.500055+01');
INSERT INTO gorp_migrations VALUES ('28_exp_history_operations.sql', '2020-01-13 15:39:29.512158+01');
INSERT INTO gorp_migrations VALUES ('29_exp_history_assets.sql', '2020-01-13 15:39:29.518574+01');
INSERT INTO gorp_migrations VALUES ('30_exp_history_trades.sql', '2020-01-13 15:39:29.533867+01');
INSERT INTO gorp_migrations VALUES ('31_exp_history_effects.sql', '2020-01-13 15:39:29.543534+01');


--
-- Data for Name: history_accounts; Type: TABLE DATA; Schema: public; Owner: -
--

INSERT INTO history_accounts VALUES (1, 'GBRPYHIL2CI3FNQ4BXLFMNDLFJUNPU2HY3ZMFSHONUCEOASW7QC7OX2H');
INSERT INTO history_accounts VALUES (2, 'GAG52TW6QAB6TGNMOTL32Y4M3UQQLNNNHPEHYAIYRP6SFF6ZAVRF5ZQY');


--
-- Name: history_accounts_id_seq; Type: SEQUENCE SET; Schema: public; Owner: -
--

SELECT pg_catalog.setval('history_accounts_id_seq', 2, true);


--
-- Data for Name: history_assets; Type: TABLE DATA; Schema: public; Owner: -
--



--
-- Name: history_assets_id_seq; Type: SEQUENCE SET; Schema: public; Owner: -
--

SELECT pg_catalog.setval('history_assets_id_seq', 1, false);


--
-- Data for Name: history_effects; Type: TABLE DATA; Schema: public; Owner: -
--

INSERT INTO history_effects VALUES (1, 38654709761, 1, 2, '{"amount": "10.0000000", "asset_type": "native"}');
INSERT INTO history_effects VALUES (2, 38654709761, 2, 3, '{"amount": "10.0000000", "asset_type": "native"}');
INSERT INTO history_effects VALUES (1, 38654713857, 1, 2, '{"amount": "10.0000000", "asset_type": "native"}');
INSERT INTO history_effects VALUES (2, 38654713857, 2, 3, '{"amount": "10.0000000", "asset_type": "native"}');
INSERT INTO history_effects VALUES (1, 38654717953, 1, 2, '{"amount": "10.0000000", "asset_type": "native"}');
INSERT INTO history_effects VALUES (2, 38654717953, 2, 3, '{"amount": "10.0000000", "asset_type": "native"}');
INSERT INTO history_effects VALUES (1, 34359742465, 1, 2, '{"amount": "10.0000000", "asset_type": "native"}');
INSERT INTO history_effects VALUES (2, 34359742465, 2, 3, '{"amount": "10.0000000", "asset_type": "native"}');
INSERT INTO history_effects VALUES (1, 30064775169, 1, 2, '{"amount": "10.0000000", "asset_type": "native"}');
INSERT INTO history_effects VALUES (2, 30064775169, 2, 3, '{"amount": "10.0000000", "asset_type": "native"}');
INSERT INTO history_effects VALUES (1, 25769807873, 1, 2, '{"amount": "10.0000000", "asset_type": "native"}');
INSERT INTO history_effects VALUES (2, 25769807873, 2, 3, '{"amount": "10.0000000", "asset_type": "native"}');
INSERT INTO history_effects VALUES (1, 21474840577, 1, 2, '{"amount": "10.0000000", "asset_type": "native"}');
INSERT INTO history_effects VALUES (2, 21474840577, 2, 3, '{"amount": "10.0000000", "asset_type": "native"}');
INSERT INTO history_effects VALUES (1, 17179873281, 1, 2, '{"amount": "10.0000000", "asset_type": "native"}');
INSERT INTO history_effects VALUES (2, 17179873281, 2, 3, '{"amount": "10.0000000", "asset_type": "native"}');
INSERT INTO history_effects VALUES (1, 17179873282, 1, 2, '{"amount": "10.0000000", "asset_type": "native"}');
INSERT INTO history_effects VALUES (2, 17179873282, 2, 3, '{"amount": "10.0000000", "asset_type": "native"}');
INSERT INTO history_effects VALUES (2, 12884905985, 1, 0, '{"starting_balance": "1000.0000000"}');
INSERT INTO history_effects VALUES (1, 12884905985, 2, 3, '{"amount": "1000.0000000", "asset_type": "native"}');
INSERT INTO history_effects VALUES (2, 12884905985, 3, 10, '{"weight": 1, "public_key": "GAG52TW6QAB6TGNMOTL32Y4M3UQQLNNNHPEHYAIYRP6SFF6ZAVRF5ZQY"}');


--
-- Data for Name: history_ledgers; Type: TABLE DATA; Schema: public; Owner: -
--

INSERT INTO history_ledgers VALUES (9, 'c31c78d391f72a9067af697ddc5afd2b6bbff848cb30919f675813b06c275fad', '449b2315b3788c020f12991447ca0e54ca7998634213b3600bc95e8078aa5f88', 3, 3, '2020-01-13 14:39:33', '2020-01-13 14:39:29.797525', '2020-01-13 14:39:29.797526', 38654705664, 16, 1000000000000000000, 1000, 100, 100000000, 1000000, 12, 'AAAADESbIxWzeIwCDxKZFEfKDlTKeZhjQhOzYAvJXoB4ql+IqGgwyRiq8wQGqwySj5BH2xFE/mV+qClo2bV4VxF6mqoAAAAAXhyBJQAAAAAAAAAAdWzSHhfCzXGLIkOOjoC5Ym8OBprpH5cEOKDNFjF7mH0phSnmZ9zNjCsr+Qf/Wrlh+PxhacZAzcOXaRxbCmuNnAAAAAkN4Lazp2QAAAAAAAAAAAPoAAAAAAAAAAAAAAAAAAAAZAX14QAAD0JAAAAAAAAAAAAAAAAAAAAAAAAAAAAAAAAAAAAAAAAAAAAAAAAAAAAAAAAAAAAAAAAAAAAAAAAAAAAAAAAAAAAAAAAAAAAAAAAAAAAAAAAAAAAAAAAAAAAAAAAAAAAAAAAAAAAAAAAAAAAAAAAAAAAAAAAAAAAAAAAAAAAAAAAAAAAAAAAA', 3, 0);
INSERT INTO history_ledgers VALUES (8, '449b2315b3788c020f12991447ca0e54ca7998634213b3600bc95e8078aa5f88', 'db16b00dd413efa4ceb46d0714944b24d09510ddbdb2b3b6887928b789e14716', 1, 1, '2020-01-13 14:39:32', '2020-01-13 14:39:29.820459', '2020-01-13 14:39:29.820459', 34359738368, 16, 1000000000000000000, 700, 100, 100000000, 1000000, 12, 'AAAADNsWsA3UE++kzrRtBxSUSyTQlRDdvbKztoh5KLeJ4UcWeXcSX4A1GVrD8PHdQXAdfxaHLLhlVhCofIbz9/kIFZMAAAAAXhyBJAAAAAAAAAAA1WZy5HNzQG6v2/yQfdo/18UP2Mi3LOX+HsIFwjtPY3dmUr9uKRwNrnS0fKbrwjPSg8N/CMXhYMo08HFRR4kqnQAAAAgN4Lazp2QAAAAAAAAAAAK8AAAAAAAAAAAAAAAAAAAAZAX14QAAD0JAAAAAAAAAAAAAAAAAAAAAAAAAAAAAAAAAAAAAAAAAAAAAAAAAAAAAAAAAAAAAAAAAAAAAAAAAAAAAAAAAAAAAAAAAAAAAAAAAAAAAAAAAAAAAAAAAAAAAAAAAAAAAAAAAAAAAAAAAAAAAAAAAAAAAAAAAAAAAAAAAAAAAAAAAAAAAAAAA', 1, 0);
INSERT INTO history_ledgers VALUES (7, 'db16b00dd413efa4ceb46d0714944b24d09510ddbdb2b3b6887928b789e14716', 'a6f1ab5cfcd3a700a5276bf9b4371b367c632f304161fa7fccc5060f8e1aaeba', 1, 1, '2020-01-13 14:39:31', '2020-01-13 14:39:29.833578', '2020-01-13 14:39:29.833578', 30064771072, 16, 1000000000000000000, 600, 100, 100000000, 1000000, 12, 'AAAADKbxq1z806cApSdr+bQ3GzZ8Yy8wQWH6f8zFBg+OGq66wFh77QxYzArCwzHoo1UG4cJZ5EyMIbRMPV7Y3AMTyQ8AAAAAXhyBIwAAAAAAAAAAOgSmIClOx9JX9c2gFj6mbAWu2y1mlO0kGdlw5hFcYz050bFftRKZ7oHPYBFl/Rrw/YvnkR81TSMZhdPtQdbnwQAAAAcN4Lazp2QAAAAAAAAAAAJYAAAAAAAAAAAAAAAAAAAAZAX14QAAD0JAAAAAAAAAAAAAAAAAAAAAAAAAAAAAAAAAAAAAAAAAAAAAAAAAAAAAAAAAAAAAAAAAAAAAAAAAAAAAAAAAAAAAAAAAAAAAAAAAAAAAAAAAAAAAAAAAAAAAAAAAAAAAAAAAAAAAAAAAAAAAAAAAAAAAAAAAAAAAAAAAAAAAAAAAAAAAAAAA', 1, 0);
INSERT INTO history_ledgers VALUES (6, 'a6f1ab5cfcd3a700a5276bf9b4371b367c632f304161fa7fccc5060f8e1aaeba', 'ffbfcafbe9efd49cd8ff8cb5981cc4f32940d4458ba2867e4796d4029fd65a95', 1, 1, '2020-01-13 14:39:30', '2020-01-13 14:39:29.84908', '2020-01-13 14:39:29.84908', 25769803776, 16, 1000000000000000000, 500, 100, 100000000, 1000000, 12, 'AAAADP+/yvvp79Sc2P+MtZgcxPMpQNRFi6KGfkeW1AKf1lqVS9VeTPrvd05aRm+bONtlHHdoMuHIoVe3S5mG0WL+7HYAAAAAXhyBIgAAAAAAAAAAqqhBNhS+oY0Fq/RSpEEko+knV66p0YlC+DiVf0GYlCH+eKDhbCW/C44Ijhm89YrsQJ//1KCWkJjCQSqN759VKQAAAAYN4Lazp2QAAAAAAAAAAAH0AAAAAAAAAAAAAAAAAAAAZAX14QAAD0JAAAAAAAAAAAAAAAAAAAAAAAAAAAAAAAAAAAAAAAAAAAAAAAAAAAAAAAAAAAAAAAAAAAAAAAAAAAAAAAAAAAAAAAAAAAAAAAAAAAAAAAAAAAAAAAAAAAAAAAAAAAAAAAAAAAAAAAAAAAAAAAAAAAAAAAAAAAAAAAAAAAAAAAAAAAAAAAAA', 1, 0);
INSERT INTO history_ledgers VALUES (5, 'ffbfcafbe9efd49cd8ff8cb5981cc4f32940d4458ba2867e4796d4029fd65a95', '7692829fd83c2cc3b15bc50357c310b2b4f149c9da5de4b53cfe6cd5751b8660', 1, 1, '2020-01-13 14:39:29', '2020-01-13 14:39:29.862746', '2020-01-13 14:39:29.862746', 21474836480, 16, 1000000000000000000, 400, 100, 100000000, 1000000, 12, 'AAAADHaSgp/YPCzDsVvFA1fDELK08UnJ2l3ktTz+bNV1G4ZgTvbcDEic8srLopvtl5DxbGDXsa0LoxHDqu90IPFHRSoAAAAAXhyBIQAAAAAAAAAAfZ5r/iAId0HYP/J85oWovpWvupf3zLdy0YhEdBPnW25Qfi76Sdrn0rwmH2svj+NOAKYDQ1c9sQd7mvvhS1MIagAAAAUN4Lazp2QAAAAAAAAAAAGQAAAAAAAAAAAAAAAAAAAAZAX14QAAD0JAAAAAAAAAAAAAAAAAAAAAAAAAAAAAAAAAAAAAAAAAAAAAAAAAAAAAAAAAAAAAAAAAAAAAAAAAAAAAAAAAAAAAAAAAAAAAAAAAAAAAAAAAAAAAAAAAAAAAAAAAAAAAAAAAAAAAAAAAAAAAAAAAAAAAAAAAAAAAAAAAAAAAAAAAAAAAAAAA', 1, 0);
INSERT INTO history_ledgers VALUES (4, '7692829fd83c2cc3b15bc50357c310b2b4f149c9da5de4b53cfe6cd5751b8660', '63c9f0ef1a24b5291bd078fb9bbcbd8fec953da77120abf7f615ea9c02650e6c', 1, 2, '2020-01-13 14:39:28', '2020-01-13 14:39:29.874358', '2020-01-13 14:39:29.874358', 17179869184, 16, 1000000000000000000, 300, 100, 100000000, 1000000, 12, 'AAAADGPJ8O8aJLUpG9B4+5u8vY/slT2ncSCr9/YV6pwCZQ5sZ1BPuJd8pFDALaV2NN7HuE9cIY9YLHGbcS1gc5ntnrMAAAAAXhyBIAAAAAAAAAAAvUi8p6JAmXRap5H687O+OXcAKN2//CsLZbyxWLVlZb/Zkg1JjEOntId8on9JZcqvGD8x778RhC/ckHRIslEeKAAAAAQN4Lazp2QAAAAAAAAAAAEsAAAAAAAAAAAAAAAAAAAAZAX14QAAD0JAAAAAAAAAAAAAAAAAAAAAAAAAAAAAAAAAAAAAAAAAAAAAAAAAAAAAAAAAAAAAAAAAAAAAAAAAAAAAAAAAAAAAAAAAAAAAAAAAAAAAAAAAAAAAAAAAAAAAAAAAAAAAAAAAAAAAAAAAAAAAAAAAAAAAAAAAAAAAAAAAAAAAAAAAAAAAAAAA', 1, 0);
INSERT INTO history_ledgers VALUES (3, '63c9f0ef1a24b5291bd078fb9bbcbd8fec953da77120abf7f615ea9c02650e6c', '8792f59cd691f3a39efe9836b48157c265c64cbf35ba80562f2a03e5e7edb38c', 1, 1, '2020-01-13 14:39:27', '2020-01-13 14:39:29.883396', '2020-01-13 14:39:29.883396', 12884901888, 16, 1000000000000000000, 100, 100, 100000000, 1000000, 12, 'AAAADIeS9ZzWkfOjnv6YNrSBV8Jlxky/NbqAVi8qA+Xn7bOMEHhFEliFXm2fEqAZQI+aU0a7eTULn36jfQgDwiGPaBUAAAAAXhyBHwAAAAIAAAAIAAAAAQAAAAwAAAAIAAAAAwAPQkAAAAAAfFnUZMxpcaRFgW684JniUG/dzZ5jn4eP2mZ8LIGonSpDm2KjxXaF2OUk8SKggwOhxapa11yknttyUJx6LJjrCQAAAAMN4Lazp2QAAAAAAAAAAABkAAAAAAAAAAAAAAAAAAAAZAX14QAAD0JAAAAAAAAAAAAAAAAAAAAAAAAAAAAAAAAAAAAAAAAAAAAAAAAAAAAAAAAAAAAAAAAAAAAAAAAAAAAAAAAAAAAAAAAAAAAAAAAAAAAAAAAAAAAAAAAAAAAAAAAAAAAAAAAAAAAAAAAAAAAAAAAAAAAAAAAAAAAAAAAAAAAAAAAAAAAAAAAA', 1, 0);
INSERT INTO history_ledgers VALUES (2, '8792f59cd691f3a39efe9836b48157c265c64cbf35ba80562f2a03e5e7edb38c', '63d98f536ee68d1b27b5b89f23af5311b7569a24faf1403ad0b52b633b07be99', 0, 0, '2020-01-13 14:39:26', '2020-01-13 14:39:29.892385', '2020-01-13 14:39:29.892385', 8589934592, 16, 1000000000000000000, 0, 100, 100000000, 100, 0, 'AAAAAGPZj1Nu5o0bJ7W4nyOvUxG3Vpok+vFAOtC1K2M7B76ZuZRHr9UdXKbTKiclfOjy72YZFJUkJPVcKT5htvorm1QAAAAAXhyBHgAAAAAAAAAA3z9hmASpL9tAVxktxD3XSOp3itxSvEmM6AUkwBS4ERlzUiftOYRhKRI3aHsIRGqiybCW4MmKRi2t2lafBd0khAAAAAIN4Lazp2QAAAAAAAAAAAAAAAAAAAAAAAAAAAAAAAAAZAX14QAAAABkAAAAAAAAAAAAAAAAAAAAAAAAAAAAAAAAAAAAAAAAAAAAAAAAAAAAAAAAAAAAAAAAAAAAAAAAAAAAAAAAAAAAAAAAAAAAAAAAAAAAAAAAAAAAAAAAAAAAAAAAAAAAAAAAAAAAAAAAAAAAAAAAAAAAAAAAAAAAAAAAAAAAAAAAAAAAAAAA', 0, 0);
INSERT INTO history_ledgers VALUES (1, '63d98f536ee68d1b27b5b89f23af5311b7569a24faf1403ad0b52b633b07be99', NULL, 0, 0, '1970-01-01 00:00:00', '2020-01-13 14:39:29.899793', '2020-01-13 14:39:29.899793', 4294967296, 16, 1000000000000000000, 0, 100, 100000000, 100, 0, 'AAAAAAAAAAAAAAAAAAAAAAAAAAAAAAAAAAAAAAAAAAAAAAAAAAAAAAAAAAAAAAAAAAAAAAAAAAAAAAAAAAAAAAAAAAAAAAAAAAAAAAAAAAAAAAAAAAAAAAAAAAAAAAAAAAAAAAAAAAAAAAAAAAAAAAAAAABXKi4y/ySKB7DnD9H20xjB+s0gtswIwz1XdSWYaBJaFgAAAAEN4Lazp2QAAAAAAAAAAAAAAAAAAAAAAAAAAAAAAAAAZAX14QAAAABkAAAAAAAAAAAAAAAAAAAAAAAAAAAAAAAAAAAAAAAAAAAAAAAAAAAAAAAAAAAAAAAAAAAAAAAAAAAAAAAAAAAAAAAAAAAAAAAAAAAAAAAAAAAAAAAAAAAAAAAAAAAAAAAAAAAAAAAAAAAAAAAAAAAAAAAAAAAAAAAAAAAAAAAAAAAAAAAA', 0, 0);


--
-- Data for Name: history_operation_participants; Type: TABLE DATA; Schema: public; Owner: -
--

INSERT INTO history_operation_participants VALUES (1, 38654709761, 2);
INSERT INTO history_operation_participants VALUES (2, 38654709761, 1);
INSERT INTO history_operation_participants VALUES (3, 38654713857, 1);
INSERT INTO history_operation_participants VALUES (4, 38654713857, 2);
INSERT INTO history_operation_participants VALUES (5, 38654717953, 2);
INSERT INTO history_operation_participants VALUES (6, 38654717953, 1);
INSERT INTO history_operation_participants VALUES (7, 34359742465, 2);
INSERT INTO history_operation_participants VALUES (8, 34359742465, 1);
INSERT INTO history_operation_participants VALUES (9, 30064775169, 2);
INSERT INTO history_operation_participants VALUES (10, 30064775169, 1);
INSERT INTO history_operation_participants VALUES (11, 25769807873, 2);
INSERT INTO history_operation_participants VALUES (12, 25769807873, 1);
INSERT INTO history_operation_participants VALUES (13, 21474840577, 2);
INSERT INTO history_operation_participants VALUES (14, 21474840577, 1);
INSERT INTO history_operation_participants VALUES (15, 17179873281, 2);
INSERT INTO history_operation_participants VALUES (16, 17179873281, 1);
INSERT INTO history_operation_participants VALUES (17, 17179873282, 2);
INSERT INTO history_operation_participants VALUES (18, 17179873282, 1);
INSERT INTO history_operation_participants VALUES (19, 12884905985, 1);
INSERT INTO history_operation_participants VALUES (20, 12884905985, 2);


--
-- Name: history_operation_participants_id_seq; Type: SEQUENCE SET; Schema: public; Owner: -
--

SELECT pg_catalog.setval('history_operation_participants_id_seq', 20, true);


--
-- Data for Name: history_operations; Type: TABLE DATA; Schema: public; Owner: -
--

INSERT INTO history_operations VALUES (38654709761, 38654709760, 1, 1, '{"to": "GBRPYHIL2CI3FNQ4BXLFMNDLFJUNPU2HY3ZMFSHONUCEOASW7QC7OX2H", "from": "GAG52TW6QAB6TGNMOTL32Y4M3UQQLNNNHPEHYAIYRP6SFF6ZAVRF5ZQY", "amount": "10.0000000", "asset_type": "native"}', 'GAG52TW6QAB6TGNMOTL32Y4M3UQQLNNNHPEHYAIYRP6SFF6ZAVRF5ZQY');
INSERT INTO history_operations VALUES (38654713857, 38654713856, 1, 1, '{"to": "GBRPYHIL2CI3FNQ4BXLFMNDLFJUNPU2HY3ZMFSHONUCEOASW7QC7OX2H", "from": "GAG52TW6QAB6TGNMOTL32Y4M3UQQLNNNHPEHYAIYRP6SFF6ZAVRF5ZQY", "amount": "10.0000000", "asset_type": "native"}', 'GAG52TW6QAB6TGNMOTL32Y4M3UQQLNNNHPEHYAIYRP6SFF6ZAVRF5ZQY');
INSERT INTO history_operations VALUES (38654717953, 38654717952, 1, 1, '{"to": "GBRPYHIL2CI3FNQ4BXLFMNDLFJUNPU2HY3ZMFSHONUCEOASW7QC7OX2H", "from": "GAG52TW6QAB6TGNMOTL32Y4M3UQQLNNNHPEHYAIYRP6SFF6ZAVRF5ZQY", "amount": "10.0000000", "asset_type": "native"}', 'GAG52TW6QAB6TGNMOTL32Y4M3UQQLNNNHPEHYAIYRP6SFF6ZAVRF5ZQY');
INSERT INTO history_operations VALUES (34359742465, 34359742464, 1, 1, '{"to": "GBRPYHIL2CI3FNQ4BXLFMNDLFJUNPU2HY3ZMFSHONUCEOASW7QC7OX2H", "from": "GAG52TW6QAB6TGNMOTL32Y4M3UQQLNNNHPEHYAIYRP6SFF6ZAVRF5ZQY", "amount": "10.0000000", "asset_type": "native"}', 'GAG52TW6QAB6TGNMOTL32Y4M3UQQLNNNHPEHYAIYRP6SFF6ZAVRF5ZQY');
INSERT INTO history_operations VALUES (30064775169, 30064775168, 1, 1, '{"to": "GBRPYHIL2CI3FNQ4BXLFMNDLFJUNPU2HY3ZMFSHONUCEOASW7QC7OX2H", "from": "GAG52TW6QAB6TGNMOTL32Y4M3UQQLNNNHPEHYAIYRP6SFF6ZAVRF5ZQY", "amount": "10.0000000", "asset_type": "native"}', 'GAG52TW6QAB6TGNMOTL32Y4M3UQQLNNNHPEHYAIYRP6SFF6ZAVRF5ZQY');
INSERT INTO history_operations VALUES (25769807873, 25769807872, 1, 1, '{"to": "GBRPYHIL2CI3FNQ4BXLFMNDLFJUNPU2HY3ZMFSHONUCEOASW7QC7OX2H", "from": "GAG52TW6QAB6TGNMOTL32Y4M3UQQLNNNHPEHYAIYRP6SFF6ZAVRF5ZQY", "amount": "10.0000000", "asset_type": "native"}', 'GAG52TW6QAB6TGNMOTL32Y4M3UQQLNNNHPEHYAIYRP6SFF6ZAVRF5ZQY');
INSERT INTO history_operations VALUES (21474840577, 21474840576, 1, 1, '{"to": "GBRPYHIL2CI3FNQ4BXLFMNDLFJUNPU2HY3ZMFSHONUCEOASW7QC7OX2H", "from": "GAG52TW6QAB6TGNMOTL32Y4M3UQQLNNNHPEHYAIYRP6SFF6ZAVRF5ZQY", "amount": "10.0000000", "asset_type": "native"}', 'GAG52TW6QAB6TGNMOTL32Y4M3UQQLNNNHPEHYAIYRP6SFF6ZAVRF5ZQY');
INSERT INTO history_operations VALUES (17179873281, 17179873280, 1, 1, '{"to": "GBRPYHIL2CI3FNQ4BXLFMNDLFJUNPU2HY3ZMFSHONUCEOASW7QC7OX2H", "from": "GAG52TW6QAB6TGNMOTL32Y4M3UQQLNNNHPEHYAIYRP6SFF6ZAVRF5ZQY", "amount": "10.0000000", "asset_type": "native"}', 'GAG52TW6QAB6TGNMOTL32Y4M3UQQLNNNHPEHYAIYRP6SFF6ZAVRF5ZQY');
INSERT INTO history_operations VALUES (17179873282, 17179873280, 2, 1, '{"to": "GBRPYHIL2CI3FNQ4BXLFMNDLFJUNPU2HY3ZMFSHONUCEOASW7QC7OX2H", "from": "GAG52TW6QAB6TGNMOTL32Y4M3UQQLNNNHPEHYAIYRP6SFF6ZAVRF5ZQY", "amount": "10.0000000", "asset_type": "native"}', 'GAG52TW6QAB6TGNMOTL32Y4M3UQQLNNNHPEHYAIYRP6SFF6ZAVRF5ZQY');
INSERT INTO history_operations VALUES (12884905985, 12884905984, 1, 0, '{"funder": "GBRPYHIL2CI3FNQ4BXLFMNDLFJUNPU2HY3ZMFSHONUCEOASW7QC7OX2H", "account": "GAG52TW6QAB6TGNMOTL32Y4M3UQQLNNNHPEHYAIYRP6SFF6ZAVRF5ZQY", "starting_balance": "1000.0000000"}', 'GBRPYHIL2CI3FNQ4BXLFMNDLFJUNPU2HY3ZMFSHONUCEOASW7QC7OX2H');


--
-- Data for Name: history_trades; Type: TABLE DATA; Schema: public; Owner: -
--



--
-- Data for Name: history_transaction_participants; Type: TABLE DATA; Schema: public; Owner: -
--

INSERT INTO history_transaction_participants VALUES (1, 38654709760, 1);
INSERT INTO history_transaction_participants VALUES (2, 38654709760, 2);
INSERT INTO history_transaction_participants VALUES (3, 38654713856, 1);
INSERT INTO history_transaction_participants VALUES (4, 38654713856, 2);
INSERT INTO history_transaction_participants VALUES (5, 38654717952, 2);
INSERT INTO history_transaction_participants VALUES (6, 38654717952, 1);
INSERT INTO history_transaction_participants VALUES (7, 34359742464, 2);
INSERT INTO history_transaction_participants VALUES (8, 34359742464, 1);
INSERT INTO history_transaction_participants VALUES (9, 30064775168, 2);
INSERT INTO history_transaction_participants VALUES (10, 30064775168, 1);
INSERT INTO history_transaction_participants VALUES (11, 25769807872, 1);
INSERT INTO history_transaction_participants VALUES (12, 25769807872, 2);
INSERT INTO history_transaction_participants VALUES (13, 21474840576, 2);
INSERT INTO history_transaction_participants VALUES (14, 21474840576, 1);
INSERT INTO history_transaction_participants VALUES (15, 17179873280, 1);
INSERT INTO history_transaction_participants VALUES (16, 17179873280, 2);
INSERT INTO history_transaction_participants VALUES (17, 12884905984, 1);
INSERT INTO history_transaction_participants VALUES (18, 12884905984, 2);


--
-- Name: history_transaction_participants_id_seq; Type: SEQUENCE SET; Schema: public; Owner: -
--

SELECT pg_catalog.setval('history_transaction_participants_id_seq', 18, true);


--
-- Data for Name: history_transactions; Type: TABLE DATA; Schema: public; Owner: -
--

INSERT INTO history_transactions VALUES ('6a349e7331e93a251367287e274fb1699abaf723bde37aebe96248c76fd3071a', 9, 1, 'GAG52TW6QAB6TGNMOTL32Y4M3UQQLNNNHPEHYAIYRP6SFF6ZAVRF5ZQY', 12884901894, 400, 1, '2020-01-13 14:39:29.797796', '2020-01-13 14:39:29.797796', 38654709760, 'AAAAAA3dTt6AA+mZrHTXvWOM3SEFta07yHwBGIv9IpfZBWJeAAABkAAAAAMAAAAGAAAAAAAAAAAAAAABAAAAAAAAAAEAAAAAYvwdC9CRsrYcDdZWNGsqaNfTR8bywsjubQRHAlb8BfcAAAAAAAAAAAX14QAAAAAAAAAAAdkFYl4AAABAvG2IEoAgIDgfSZC0D4ClAMlvU8rCmn1JtgrmtA9HShVsqoMPeyC8rbXu+Dizq74y9TSl1/9P37YY9kWfU09oBw==', 'AAAAAAAAAGQAAAAAAAAAAQAAAAAAAAABAAAAAAAAAAA=', 'AAAAAQAAAAIAAAADAAAACQAAAAAAAAAADd1O3oAD6ZmsdNe9Y4zdIQW1rTvIfAEYi/0il9kFYl4AAAACMEiafAAAAAMAAAAFAAAAAAAAAAAAAAAAAAAAAAEAAAAAAAAAAAAAAAAAAAAAAAABAAAACQAAAAAAAAAADd1O3oAD6ZmsdNe9Y4zdIQW1rTvIfAEYi/0il9kFYl4AAAACMEiafAAAAAMAAAAGAAAAAAAAAAAAAAAAAAAAAAEAAAAAAAAAAAAAAAAAAAAAAAABAAAABAAAAAMAAAAIAAAAAAAAAABi/B0L0JGythwN1lY0aypo19NHxvLCyO5tBEcCVvwF9w3gtrF3G2GcAAAAAAAAAAEAAAAAAAAAAAAAAAAAAAAAAQAAAAAAAAAAAAAAAAAAAAAAAAEAAAAJAAAAAAAAAABi/B0L0JGythwN1lY0aypo19NHxvLCyO5tBEcCVvwF9w3gtrF9EUKcAAAAAAAAAAEAAAAAAAAAAAAAAAAAAAAAAQAAAAAAAAAAAAAAAAAAAAAAAAMAAAAJAAAAAAAAAAAN3U7egAPpmax0171jjN0hBbWtO8h8ARiL/SKX2QViXgAAAAIwSJp8AAAAAwAAAAYAAAAAAAAAAAAAAAAAAAAAAQAAAAAAAAAAAAAAAAAAAAAAAAEAAAAJAAAAAAAAAAAN3U7egAPpmax0171jjN0hBbWtO8h8ARiL/SKX2QViXgAAAAIqUrl8AAAAAwAAAAYAAAAAAAAAAAAAAAAAAAAAAQAAAAAAAAAAAAAAAAAAAA==', 'AAAAAgAAAAMAAAAIAAAAAAAAAAAN3U7egAPpmax0171jjN0hBbWtO8h8ARiL/SKX2QViXgAAAAIwSJuoAAAAAwAAAAUAAAAAAAAAAAAAAAAAAAAAAQAAAAAAAAAAAAAAAAAAAAAAAAEAAAAJAAAAAAAAAAAN3U7egAPpmax0171jjN0hBbWtO8h8ARiL/SKX2QViXgAAAAIwSJtEAAAAAwAAAAUAAAAAAAAAAAAAAAAAAAAAAQAAAAAAAAAAAAAAAAAAAA==', '{vG2IEoAgIDgfSZC0D4ClAMlvU8rCmn1JtgrmtA9HShVsqoMPeyC8rbXu+Dizq74y9TSl1/9P37YY9kWfU09oBw==}', 'none', NULL, NULL, true, 100);
INSERT INTO history_transactions VALUES ('9a719ea0bc6fd18082cbaec8d1f06c074e6c6aa784fa9ee9f0b015cf8a398bd5', 9, 2, 'GAG52TW6QAB6TGNMOTL32Y4M3UQQLNNNHPEHYAIYRP6SFF6ZAVRF5ZQY', 12884901895, 400, 1, '2020-01-13 14:39:29.798129', '2020-01-13 14:39:29.798129', 38654713856, 'AAAAAA3dTt6AA+mZrHTXvWOM3SEFta07yHwBGIv9IpfZBWJeAAABkAAAAAMAAAAHAAAAAAAAAAAAAAABAAAAAAAAAAEAAAAAYvwdC9CRsrYcDdZWNGsqaNfTR8bywsjubQRHAlb8BfcAAAAAAAAAAAX14QAAAAAAAAAAAdkFYl4AAABAxG3ZbC4djlBXwWQidTeJb/7Q2fr0GPD1mx/2bF++HE+eBPrKP0ol1VSNUQVaW7mMcdFjQcTHSb+uBoq+kd3dCg==', 'AAAAAAAAAGQAAAAAAAAAAQAAAAAAAAABAAAAAAAAAAA=', 'AAAAAQAAAAIAAAADAAAACQAAAAAAAAAADd1O3oAD6ZmsdNe9Y4zdIQW1rTvIfAEYi/0il9kFYl4AAAACKlK5fAAAAAMAAAAGAAAAAAAAAAAAAAAAAAAAAAEAAAAAAAAAAAAAAAAAAAAAAAABAAAACQAAAAAAAAAADd1O3oAD6ZmsdNe9Y4zdIQW1rTvIfAEYi/0il9kFYl4AAAACKlK5fAAAAAMAAAAHAAAAAAAAAAAAAAAAAAAAAAEAAAAAAAAAAAAAAAAAAAAAAAABAAAABAAAAAMAAAAJAAAAAAAAAABi/B0L0JGythwN1lY0aypo19NHxvLCyO5tBEcCVvwF9w3gtrF9EUKcAAAAAAAAAAEAAAAAAAAAAAAAAAAAAAAAAQAAAAAAAAAAAAAAAAAAAAAAAAEAAAAJAAAAAAAAAABi/B0L0JGythwN1lY0aypo19NHxvLCyO5tBEcCVvwF9w3gtrGDByOcAAAAAAAAAAEAAAAAAAAAAAAAAAAAAAAAAQAAAAAAAAAAAAAAAAAAAAAAAAMAAAAJAAAAAAAAAAAN3U7egAPpmax0171jjN0hBbWtO8h8ARiL/SKX2QViXgAAAAIqUrl8AAAAAwAAAAcAAAAAAAAAAAAAAAAAAAAAAQAAAAAAAAAAAAAAAAAAAAAAAAEAAAAJAAAAAAAAAAAN3U7egAPpmax0171jjN0hBbWtO8h8ARiL/SKX2QViXgAAAAIkXNh8AAAAAwAAAAcAAAAAAAAAAAAAAAAAAAAAAQAAAAAAAAAAAAAAAAAAAA==', 'AAAAAgAAAAMAAAAJAAAAAAAAAAAN3U7egAPpmax0171jjN0hBbWtO8h8ARiL/SKX2QViXgAAAAIwSJtEAAAAAwAAAAUAAAAAAAAAAAAAAAAAAAAAAQAAAAAAAAAAAAAAAAAAAAAAAAEAAAAJAAAAAAAAAAAN3U7egAPpmax0171jjN0hBbWtO8h8ARiL/SKX2QViXgAAAAIwSJrgAAAAAwAAAAUAAAAAAAAAAAAAAAAAAAAAAQAAAAAAAAAAAAAAAAAAAA==', '{xG3ZbC4djlBXwWQidTeJb/7Q2fr0GPD1mx/2bF++HE+eBPrKP0ol1VSNUQVaW7mMcdFjQcTHSb+uBoq+kd3dCg==}', 'none', NULL, NULL, true, 100);
INSERT INTO history_transactions VALUES ('25ded52d9314195e638c758b6eeef7cd07c0cf4c896697f6d5cb228c44dacdd8', 9, 3, 'GAG52TW6QAB6TGNMOTL32Y4M3UQQLNNNHPEHYAIYRP6SFF6ZAVRF5ZQY', 12884901896, 400, 1, '2020-01-13 14:39:29.79834', '2020-01-13 14:39:29.79834', 38654717952, 'AAAAAA3dTt6AA+mZrHTXvWOM3SEFta07yHwBGIv9IpfZBWJeAAABkAAAAAMAAAAIAAAAAAAAAAAAAAABAAAAAAAAAAEAAAAAYvwdC9CRsrYcDdZWNGsqaNfTR8bywsjubQRHAlb8BfcAAAAAAAAAAAX14QAAAAAAAAAAAdkFYl4AAABAa2qrw54P1lv9IGMKjXGfCNlcdCRXl33v57V+uAmZYf1UvGMsakdNbZFHENg75vdnxM4aHyAcrTMoSTqyvMc7CQ==', 'AAAAAAAAAGQAAAAAAAAAAQAAAAAAAAABAAAAAAAAAAA=', 'AAAAAQAAAAIAAAADAAAACQAAAAAAAAAADd1O3oAD6ZmsdNe9Y4zdIQW1rTvIfAEYi/0il9kFYl4AAAACJFzYfAAAAAMAAAAHAAAAAAAAAAAAAAAAAAAAAAEAAAAAAAAAAAAAAAAAAAAAAAABAAAACQAAAAAAAAAADd1O3oAD6ZmsdNe9Y4zdIQW1rTvIfAEYi/0il9kFYl4AAAACJFzYfAAAAAMAAAAIAAAAAAAAAAAAAAAAAAAAAAEAAAAAAAAAAAAAAAAAAAAAAAABAAAABAAAAAMAAAAJAAAAAAAAAABi/B0L0JGythwN1lY0aypo19NHxvLCyO5tBEcCVvwF9w3gtrGDByOcAAAAAAAAAAEAAAAAAAAAAAAAAAAAAAAAAQAAAAAAAAAAAAAAAAAAAAAAAAEAAAAJAAAAAAAAAABi/B0L0JGythwN1lY0aypo19NHxvLCyO5tBEcCVvwF9w3gtrGI/QScAAAAAAAAAAEAAAAAAAAAAAAAAAAAAAAAAQAAAAAAAAAAAAAAAAAAAAAAAAMAAAAJAAAAAAAAAAAN3U7egAPpmax0171jjN0hBbWtO8h8ARiL/SKX2QViXgAAAAIkXNh8AAAAAwAAAAgAAAAAAAAAAAAAAAAAAAAAAQAAAAAAAAAAAAAAAAAAAAAAAAEAAAAJAAAAAAAAAAAN3U7egAPpmax0171jjN0hBbWtO8h8ARiL/SKX2QViXgAAAAIeZvd8AAAAAwAAAAgAAAAAAAAAAAAAAAAAAAAAAQAAAAAAAAAAAAAAAAAAAA==', 'AAAAAgAAAAMAAAAJAAAAAAAAAAAN3U7egAPpmax0171jjN0hBbWtO8h8ARiL/SKX2QViXgAAAAIwSJrgAAAAAwAAAAUAAAAAAAAAAAAAAAAAAAAAAQAAAAAAAAAAAAAAAAAAAAAAAAEAAAAJAAAAAAAAAAAN3U7egAPpmax0171jjN0hBbWtO8h8ARiL/SKX2QViXgAAAAIwSJp8AAAAAwAAAAUAAAAAAAAAAAAAAAAAAAAAAQAAAAAAAAAAAAAAAAAAAA==', '{a2qrw54P1lv9IGMKjXGfCNlcdCRXl33v57V+uAmZYf1UvGMsakdNbZFHENg75vdnxM4aHyAcrTMoSTqyvMc7CQ==}', 'none', NULL, NULL, true, 100);
INSERT INTO history_transactions VALUES ('fbeb854b57c7ea853028f23ebe71de61c1ecbd8a64f6437da735ee37883ce558', 8, 1, 'GAG52TW6QAB6TGNMOTL32Y4M3UQQLNNNHPEHYAIYRP6SFF6ZAVRF5ZQY', 12884901893, 300, 1, '2020-01-13 14:39:29.820689', '2020-01-13 14:39:29.82069', 34359742464, 'AAAAAA3dTt6AA+mZrHTXvWOM3SEFta07yHwBGIv9IpfZBWJeAAABLAAAAAMAAAAFAAAAAAAAAAAAAAABAAAAAAAAAAEAAAAAYvwdC9CRsrYcDdZWNGsqaNfTR8bywsjubQRHAlb8BfcAAAAAAAAAAAX14QAAAAAAAAAAAdkFYl4AAABArAAIYpB4GOYOqjJiwKvRsZ+V3AZXshTLQb5MRvOuue/lSawV12iNSTEBIpPOqYUc0hfVudWfmLd2aWZ5UQd9AA==', 'AAAAAAAAAGQAAAAAAAAAAQAAAAAAAAABAAAAAAAAAAA=', 'AAAAAQAAAAIAAAADAAAACAAAAAAAAAAADd1O3oAD6ZmsdNe9Y4zdIQW1rTvIfAEYi/0il9kFYl4AAAACNj58qAAAAAMAAAAEAAAAAAAAAAAAAAAAAAAAAAEAAAAAAAAAAAAAAAAAAAAAAAABAAAACAAAAAAAAAAADd1O3oAD6ZmsdNe9Y4zdIQW1rTvIfAEYi/0il9kFYl4AAAACNj58qAAAAAMAAAAFAAAAAAAAAAAAAAAAAAAAAAEAAAAAAAAAAAAAAAAAAAAAAAABAAAABAAAAAMAAAAHAAAAAAAAAABi/B0L0JGythwN1lY0aypo19NHxvLCyO5tBEcCVvwF9w3gtrFxJYCcAAAAAAAAAAEAAAAAAAAAAAAAAAAAAAAAAQAAAAAAAAAAAAAAAAAAAAAAAAEAAAAIAAAAAAAAAABi/B0L0JGythwN1lY0aypo19NHxvLCyO5tBEcCVvwF9w3gtrF3G2GcAAAAAAAAAAEAAAAAAAAAAAAAAAAAAAAAAQAAAAAAAAAAAAAAAAAAAAAAAAMAAAAIAAAAAAAAAAAN3U7egAPpmax0171jjN0hBbWtO8h8ARiL/SKX2QViXgAAAAI2PnyoAAAAAwAAAAUAAAAAAAAAAAAAAAAAAAAAAQAAAAAAAAAAAAAAAAAAAAAAAAEAAAAIAAAAAAAAAAAN3U7egAPpmax0171jjN0hBbWtO8h8ARiL/SKX2QViXgAAAAIwSJuoAAAAAwAAAAUAAAAAAAAAAAAAAAAAAAAAAQAAAAAAAAAAAAAAAAAAAA==', 'AAAAAgAAAAMAAAAHAAAAAAAAAAAN3U7egAPpmax0171jjN0hBbWtO8h8ARiL/SKX2QViXgAAAAI2Pn0MAAAAAwAAAAQAAAAAAAAAAAAAAAAAAAAAAQAAAAAAAAAAAAAAAAAAAAAAAAEAAAAIAAAAAAAAAAAN3U7egAPpmax0171jjN0hBbWtO8h8ARiL/SKX2QViXgAAAAI2PnyoAAAAAwAAAAQAAAAAAAAAAAAAAAAAAAAAAQAAAAAAAAAAAAAAAAAAAA==', '{rAAIYpB4GOYOqjJiwKvRsZ+V3AZXshTLQb5MRvOuue/lSawV12iNSTEBIpPOqYUc0hfVudWfmLd2aWZ5UQd9AA==}', 'none', NULL, NULL, true, 100);
INSERT INTO history_transactions VALUES ('d2a62bf7b9e118b182c33b2fd93b2cc2013dbe9a8d77f35a239b70c8a667e5e5', 7, 1, 'GAG52TW6QAB6TGNMOTL32Y4M3UQQLNNNHPEHYAIYRP6SFF6ZAVRF5ZQY', 12884901892, 400, 1, '2020-01-13 14:39:29.833787', '2020-01-13 14:39:29.833787', 30064775168, 'AAAAAA3dTt6AA+mZrHTXvWOM3SEFta07yHwBGIv9IpfZBWJeAAABkAAAAAMAAAAEAAAAAAAAAAAAAAABAAAAAAAAAAEAAAAAYvwdC9CRsrYcDdZWNGsqaNfTR8bywsjubQRHAlb8BfcAAAAAAAAAAAX14QAAAAAAAAAAAdkFYl4AAABAcKnXL1cr7aTkY83f55Oh0M/PNjPSTaZooDIfmoZz16BgDN94hqraJ73vmRdHmqtJaKYdwtcNgovdEvVxFYaIBg==', 'AAAAAAAAAGQAAAAAAAAAAQAAAAAAAAABAAAAAAAAAAA=', 'AAAAAQAAAAIAAAADAAAABwAAAAAAAAAADd1O3oAD6ZmsdNe9Y4zdIQW1rTvIfAEYi/0il9kFYl4AAAACPDReDAAAAAMAAAADAAAAAAAAAAAAAAAAAAAAAAEAAAAAAAAAAAAAAAAAAAAAAAABAAAABwAAAAAAAAAADd1O3oAD6ZmsdNe9Y4zdIQW1rTvIfAEYi/0il9kFYl4AAAACPDReDAAAAAMAAAAEAAAAAAAAAAAAAAAAAAAAAAEAAAAAAAAAAAAAAAAAAAAAAAABAAAABAAAAAMAAAAGAAAAAAAAAABi/B0L0JGythwN1lY0aypo19NHxvLCyO5tBEcCVvwF9w3gtrFrL5+cAAAAAAAAAAEAAAAAAAAAAAAAAAAAAAAAAQAAAAAAAAAAAAAAAAAAAAAAAAEAAAAHAAAAAAAAAABi/B0L0JGythwN1lY0aypo19NHxvLCyO5tBEcCVvwF9w3gtrFxJYCcAAAAAAAAAAEAAAAAAAAAAAAAAAAAAAAAAQAAAAAAAAAAAAAAAAAAAAAAAAMAAAAHAAAAAAAAAAAN3U7egAPpmax0171jjN0hBbWtO8h8ARiL/SKX2QViXgAAAAI8NF4MAAAAAwAAAAQAAAAAAAAAAAAAAAAAAAAAAQAAAAAAAAAAAAAAAAAAAAAAAAEAAAAHAAAAAAAAAAAN3U7egAPpmax0171jjN0hBbWtO8h8ARiL/SKX2QViXgAAAAI2Pn0MAAAAAwAAAAQAAAAAAAAAAAAAAAAAAAAAAQAAAAAAAAAAAAAAAAAAAA==', 'AAAAAgAAAAMAAAAGAAAAAAAAAAAN3U7egAPpmax0171jjN0hBbWtO8h8ARiL/SKX2QViXgAAAAI8NF5wAAAAAwAAAAMAAAAAAAAAAAAAAAAAAAAAAQAAAAAAAAAAAAAAAAAAAAAAAAEAAAAHAAAAAAAAAAAN3U7egAPpmax0171jjN0hBbWtO8h8ARiL/SKX2QViXgAAAAI8NF4MAAAAAwAAAAMAAAAAAAAAAAAAAAAAAAAAAQAAAAAAAAAAAAAAAAAAAA==', '{cKnXL1cr7aTkY83f55Oh0M/PNjPSTaZooDIfmoZz16BgDN94hqraJ73vmRdHmqtJaKYdwtcNgovdEvVxFYaIBg==}', 'none', NULL, NULL, true, 100);
INSERT INTO history_transactions VALUES ('b4499cd4bc782623f9ac9654040d49c154fab6ab8d83b2110002c620a5eb7407', 6, 1, 'GAG52TW6QAB6TGNMOTL32Y4M3UQQLNNNHPEHYAIYRP6SFF6ZAVRF5ZQY', 12884901891, 400, 1, '2020-01-13 14:39:29.849385', '2020-01-13 14:39:29.849386', 25769807872, 'AAAAAA3dTt6AA+mZrHTXvWOM3SEFta07yHwBGIv9IpfZBWJeAAABkAAAAAMAAAADAAAAAAAAAAAAAAABAAAAAAAAAAEAAAAAYvwdC9CRsrYcDdZWNGsqaNfTR8bywsjubQRHAlb8BfcAAAAAAAAAAAX14QAAAAAAAAAAAdkFYl4AAABAABfxa1tvLDgKKRnsVwm97GeZmHtvBJee12Q49wseNvKHjwb0amqXGJVYFN7PGH5ZZ56Se9GvyiL99zLLTz29Dw==', 'AAAAAAAAAGQAAAAAAAAAAQAAAAAAAAABAAAAAAAAAAA=', 'AAAAAQAAAAIAAAADAAAABgAAAAAAAAAADd1O3oAD6ZmsdNe9Y4zdIQW1rTvIfAEYi/0il9kFYl4AAAACQio/cAAAAAMAAAACAAAAAAAAAAAAAAAAAAAAAAEAAAAAAAAAAAAAAAAAAAAAAAABAAAABgAAAAAAAAAADd1O3oAD6ZmsdNe9Y4zdIQW1rTvIfAEYi/0il9kFYl4AAAACQio/cAAAAAMAAAADAAAAAAAAAAAAAAAAAAAAAAEAAAAAAAAAAAAAAAAAAAAAAAABAAAABAAAAAMAAAAFAAAAAAAAAABi/B0L0JGythwN1lY0aypo19NHxvLCyO5tBEcCVvwF9w3gtrFlOb6cAAAAAAAAAAEAAAAAAAAAAAAAAAAAAAAAAQAAAAAAAAAAAAAAAAAAAAAAAAEAAAAGAAAAAAAAAABi/B0L0JGythwN1lY0aypo19NHxvLCyO5tBEcCVvwF9w3gtrFrL5+cAAAAAAAAAAEAAAAAAAAAAAAAAAAAAAAAAQAAAAAAAAAAAAAAAAAAAAAAAAMAAAAGAAAAAAAAAAAN3U7egAPpmax0171jjN0hBbWtO8h8ARiL/SKX2QViXgAAAAJCKj9wAAAAAwAAAAMAAAAAAAAAAAAAAAAAAAAAAQAAAAAAAAAAAAAAAAAAAAAAAAEAAAAGAAAAAAAAAAAN3U7egAPpmax0171jjN0hBbWtO8h8ARiL/SKX2QViXgAAAAI8NF5wAAAAAwAAAAMAAAAAAAAAAAAAAAAAAAAAAQAAAAAAAAAAAAAAAAAAAA==', 'AAAAAgAAAAMAAAAFAAAAAAAAAAAN3U7egAPpmax0171jjN0hBbWtO8h8ARiL/SKX2QViXgAAAAJCKj/UAAAAAwAAAAIAAAAAAAAAAAAAAAAAAAAAAQAAAAAAAAAAAAAAAAAAAAAAAAEAAAAGAAAAAAAAAAAN3U7egAPpmax0171jjN0hBbWtO8h8ARiL/SKX2QViXgAAAAJCKj9wAAAAAwAAAAIAAAAAAAAAAAAAAAAAAAAAAQAAAAAAAAAAAAAAAAAAAA==', '{ABfxa1tvLDgKKRnsVwm97GeZmHtvBJee12Q49wseNvKHjwb0amqXGJVYFN7PGH5ZZ56Se9GvyiL99zLLTz29Dw==}', 'none', NULL, NULL, true, 100);
INSERT INTO history_transactions VALUES ('b8fd5e6ed3d2658aa66040319e076e30006f7950e18e9a03e1eddeedfccbb418', 5, 1, 'GAG52TW6QAB6TGNMOTL32Y4M3UQQLNNNHPEHYAIYRP6SFF6ZAVRF5ZQY', 12884901890, 200, 1, '2020-01-13 14:39:29.86297', '2020-01-13 14:39:29.86297', 21474840576, 'AAAAAA3dTt6AA+mZrHTXvWOM3SEFta07yHwBGIv9IpfZBWJeAAAAyAAAAAMAAAACAAAAAAAAAAAAAAABAAAAAAAAAAEAAAAAYvwdC9CRsrYcDdZWNGsqaNfTR8bywsjubQRHAlb8BfcAAAAAAAAAAAX14QAAAAAAAAAAAdkFYl4AAABAY8zQeTlk6qu1feh/23t9EMxnoOW+6moGmjXKum57BkkQq6zoV/VciJ7IVIpi+jPVZSk+KSrCQdAm6EV4jBbvBA==', 'AAAAAAAAAGQAAAAAAAAAAQAAAAAAAAABAAAAAAAAAAA=', 'AAAAAQAAAAIAAAADAAAABQAAAAAAAAAADd1O3oAD6ZmsdNe9Y4zdIQW1rTvIfAEYi/0il9kFYl4AAAACSCAg1AAAAAMAAAABAAAAAAAAAAAAAAAAAAAAAAEAAAAAAAAAAAAAAAAAAAAAAAABAAAABQAAAAAAAAAADd1O3oAD6ZmsdNe9Y4zdIQW1rTvIfAEYi/0il9kFYl4AAAACSCAg1AAAAAMAAAACAAAAAAAAAAAAAAAAAAAAAAEAAAAAAAAAAAAAAAAAAAAAAAABAAAABAAAAAMAAAAEAAAAAAAAAABi/B0L0JGythwN1lY0aypo19NHxvLCyO5tBEcCVvwF9w3gtrFfQ92cAAAAAAAAAAEAAAAAAAAAAAAAAAAAAAAAAQAAAAAAAAAAAAAAAAAAAAAAAAEAAAAFAAAAAAAAAABi/B0L0JGythwN1lY0aypo19NHxvLCyO5tBEcCVvwF9w3gtrFlOb6cAAAAAAAAAAEAAAAAAAAAAAAAAAAAAAAAAQAAAAAAAAAAAAAAAAAAAAAAAAMAAAAFAAAAAAAAAAAN3U7egAPpmax0171jjN0hBbWtO8h8ARiL/SKX2QViXgAAAAJIICDUAAAAAwAAAAIAAAAAAAAAAAAAAAAAAAAAAQAAAAAAAAAAAAAAAAAAAAAAAAEAAAAFAAAAAAAAAAAN3U7egAPpmax0171jjN0hBbWtO8h8ARiL/SKX2QViXgAAAAJCKj/UAAAAAwAAAAIAAAAAAAAAAAAAAAAAAAAAAQAAAAAAAAAAAAAAAAAAAA==', 'AAAAAgAAAAMAAAAEAAAAAAAAAAAN3U7egAPpmax0171jjN0hBbWtO8h8ARiL/SKX2QViXgAAAAJIICE4AAAAAwAAAAEAAAAAAAAAAAAAAAAAAAAAAQAAAAAAAAAAAAAAAAAAAAAAAAEAAAAFAAAAAAAAAAAN3U7egAPpmax0171jjN0hBbWtO8h8ARiL/SKX2QViXgAAAAJIICDUAAAAAwAAAAEAAAAAAAAAAAAAAAAAAAAAAQAAAAAAAAAAAAAAAAAAAA==', '{Y8zQeTlk6qu1feh/23t9EMxnoOW+6moGmjXKum57BkkQq6zoV/VciJ7IVIpi+jPVZSk+KSrCQdAm6EV4jBbvBA==}', 'none', NULL, NULL, true, 100);
INSERT INTO history_transactions VALUES ('ba38e7c204b3f8ab8907a4b9618417854bccb54a7fa494a36c3d185bb45d07d6', 4, 1, 'GAG52TW6QAB6TGNMOTL32Y4M3UQQLNNNHPEHYAIYRP6SFF6ZAVRF5ZQY', 12884901889, 200, 2, '2020-01-13 14:39:29.874599', '2020-01-13 14:39:29.8746', 17179873280, 'AAAAAA3dTt6AA+mZrHTXvWOM3SEFta07yHwBGIv9IpfZBWJeAAAAyAAAAAMAAAABAAAAAAAAAAAAAAACAAAAAAAAAAEAAAAAYvwdC9CRsrYcDdZWNGsqaNfTR8bywsjubQRHAlb8BfcAAAAAAAAAAAX14QAAAAAAAAAAAQAAAABi/B0L0JGythwN1lY0aypo19NHxvLCyO5tBEcCVvwF9wAAAAAAAAAABfXhAAAAAAAAAAAB2QViXgAAAEBzT3nPm0xtu6CkU5jiXuBFFlZ9yTXnlEKy5HLcoVo9ym4phM8ja3knZbLZ4zJiNklsNl99mmSVkJKz7XXgOXEH', 'AAAAAAAAAMgAAAAAAAAAAgAAAAAAAAABAAAAAAAAAAAAAAABAAAAAAAAAAA=', 'AAAAAQAAAAIAAAADAAAABAAAAAAAAAAADd1O3oAD6ZmsdNe9Y4zdIQW1rTvIfAEYi/0il9kFYl4AAAACVAvjOAAAAAMAAAAAAAAAAAAAAAAAAAAAAAAAAAEAAAAAAAAAAAAAAAAAAAAAAAABAAAABAAAAAAAAAAADd1O3oAD6ZmsdNe9Y4zdIQW1rTvIfAEYi/0il9kFYl4AAAACVAvjOAAAAAMAAAABAAAAAAAAAAAAAAAAAAAAAAEAAAAAAAAAAAAAAAAAAAAAAAACAAAABAAAAAMAAAADAAAAAAAAAABi/B0L0JGythwN1lY0aypo19NHxvLCyO5tBEcCVvwF9w3gtrFTWBucAAAAAAAAAAEAAAAAAAAAAAAAAAAAAAAAAQAAAAAAAAAAAAAAAAAAAAAAAAEAAAAEAAAAAAAAAABi/B0L0JGythwN1lY0aypo19NHxvLCyO5tBEcCVvwF9w3gtrFZTfycAAAAAAAAAAEAAAAAAAAAAAAAAAAAAAAAAQAAAAAAAAAAAAAAAAAAAAAAAAMAAAAEAAAAAAAAAAAN3U7egAPpmax0171jjN0hBbWtO8h8ARiL/SKX2QViXgAAAAJUC+M4AAAAAwAAAAEAAAAAAAAAAAAAAAAAAAAAAQAAAAAAAAAAAAAAAAAAAAAAAAEAAAAEAAAAAAAAAAAN3U7egAPpmax0171jjN0hBbWtO8h8ARiL/SKX2QViXgAAAAJOFgI4AAAAAwAAAAEAAAAAAAAAAAAAAAAAAAAAAQAAAAAAAAAAAAAAAAAAAAAAAAQAAAADAAAABAAAAAAAAAAAYvwdC9CRsrYcDdZWNGsqaNfTR8bywsjubQRHAlb8BfcN4LaxWU38nAAAAAAAAAABAAAAAAAAAAAAAAAAAAAAAAEAAAAAAAAAAAAAAAAAAAAAAAABAAAABAAAAAAAAAAAYvwdC9CRsrYcDdZWNGsqaNfTR8bywsjubQRHAlb8BfcN4LaxX0PdnAAAAAAAAAABAAAAAAAAAAAAAAAAAAAAAAEAAAAAAAAAAAAAAAAAAAAAAAADAAAABAAAAAAAAAAADd1O3oAD6ZmsdNe9Y4zdIQW1rTvIfAEYi/0il9kFYl4AAAACThYCOAAAAAMAAAABAAAAAAAAAAAAAAAAAAAAAAEAAAAAAAAAAAAAAAAAAAAAAAABAAAABAAAAAAAAAAADd1O3oAD6ZmsdNe9Y4zdIQW1rTvIfAEYi/0il9kFYl4AAAACSCAhOAAAAAMAAAABAAAAAAAAAAAAAAAAAAAAAAEAAAAAAAAAAAAAAAAAAAA=', 'AAAAAgAAAAMAAAADAAAAAAAAAAAN3U7egAPpmax0171jjN0hBbWtO8h8ARiL/SKX2QViXgAAAAJUC+QAAAAAAwAAAAAAAAAAAAAAAAAAAAAAAAAAAQAAAAAAAAAAAAAAAAAAAAAAAAEAAAAEAAAAAAAAAAAN3U7egAPpmax0171jjN0hBbWtO8h8ARiL/SKX2QViXgAAAAJUC+M4AAAAAwAAAAAAAAAAAAAAAAAAAAAAAAAAAQAAAAAAAAAAAAAAAAAAAA==', '{c095z5tMbbugpFOY4l7gRRZWfck155RCsuRy3KFaPcpuKYTPI2t5J2Wy2eMyYjZJbDZffZpklZCSs+114DlxBw==}', 'none', NULL, NULL, true, 200);
INSERT INTO history_transactions VALUES ('f1d63c0b88a1ab68a44bcd02e7c9dd7c7da818ac1ff87762e922acac9958766e', 3, 1, 'GBRPYHIL2CI3FNQ4BXLFMNDLFJUNPU2HY3ZMFSHONUCEOASW7QC7OX2H', 1, 100, 1, '2020-01-13 14:39:29.883505', '2020-01-13 14:39:29.883505', 12884905984, 'AAAAAGL8HQvQkbK2HA3WVjRrKmjX00fG8sLI7m0ERwJW/AX3AAAAZAAAAAAAAAABAAAAAAAAAAAAAAABAAAAAAAAAAAAAAAADd1O3oAD6ZmsdNe9Y4zdIQW1rTvIfAEYi/0il9kFYl4AAAACVAvkAAAAAAAAAAABVvwF9wAAAEDUWAnn6bBg8wR8y/D76fh6M+FmmxKaCQL33EyRWWYFxlFN4w2rpaZ3uW69gVg3ooM8LCkF+P8AWaxcKBMjrBMC', 'AAAAAAAAAGQAAAAAAAAAAQAAAAAAAAAAAAAAAAAAAAA=', 'AAAAAQAAAAAAAAABAAAAAwAAAAMAAAADAAAAAAAAAABi/B0L0JGythwN1lY0aypo19NHxvLCyO5tBEcCVvwF9w3gtrOnY/+cAAAAAAAAAAEAAAAAAAAAAAAAAAAAAAAAAQAAAAAAAAAAAAAAAAAAAAAAAAEAAAADAAAAAAAAAABi/B0L0JGythwN1lY0aypo19NHxvLCyO5tBEcCVvwF9w3gtrFTWBucAAAAAAAAAAEAAAAAAAAAAAAAAAAAAAAAAQAAAAAAAAAAAAAAAAAAAAAAAAAAAAADAAAAAAAAAAAN3U7egAPpmax0171jjN0hBbWtO8h8ARiL/SKX2QViXgAAAAJUC+QAAAAAAwAAAAAAAAAAAAAAAAAAAAAAAAAAAQAAAAAAAAAAAAAAAAAAAA==', 'AAAAAgAAAAMAAAABAAAAAAAAAABi/B0L0JGythwN1lY0aypo19NHxvLCyO5tBEcCVvwF9w3gtrOnZAAAAAAAAAAAAAAAAAAAAAAAAAAAAAAAAAAAAQAAAAAAAAAAAAAAAAAAAAAAAAEAAAADAAAAAAAAAABi/B0L0JGythwN1lY0aypo19NHxvLCyO5tBEcCVvwF9w3gtrOnY/+cAAAAAAAAAAEAAAAAAAAAAAAAAAAAAAAAAQAAAAAAAAAAAAAAAAAAAA==', '{1FgJ5+mwYPMEfMvw++n4ejPhZpsSmgkC99xMkVlmBcZRTeMNq6Wmd7luvYFYN6KDPCwpBfj/AFmsXCgTI6wTAg==}', 'none', NULL, NULL, true, 100);


--
-- Data for Name: key_value_store; Type: TABLE DATA; Schema: public; Owner: -
--

INSERT INTO key_value_store VALUES ('exp_ingest_last_ledger', '0');


--
-- Data for Name: offers; Type: TABLE DATA; Schema: public; Owner: -
--



--
-- Data for Name: trust_lines; Type: TABLE DATA; Schema: public; Owner: -
--



--
-- Name: accounts_data accounts_data_pkey; Type: CONSTRAINT; Schema: public; Owner: -
--

ALTER TABLE ONLY accounts_data
    ADD CONSTRAINT accounts_data_pkey PRIMARY KEY (ledger_key);


--
-- Name: accounts accounts_pkey; Type: CONSTRAINT; Schema: public; Owner: -
--

ALTER TABLE ONLY accounts
    ADD CONSTRAINT accounts_pkey PRIMARY KEY (account_id);


--
-- Name: accounts_signers accounts_signers_pkey; Type: CONSTRAINT; Schema: public; Owner: -
--

ALTER TABLE ONLY accounts_signers
    ADD CONSTRAINT accounts_signers_pkey PRIMARY KEY (signer, account_id);


--
-- Name: asset_stats asset_stats_pkey; Type: CONSTRAINT; Schema: public; Owner: -
--

ALTER TABLE ONLY asset_stats
    ADD CONSTRAINT asset_stats_pkey PRIMARY KEY (id);


--
-- Name: exp_asset_stats exp_asset_stats_pkey; Type: CONSTRAINT; Schema: public; Owner: -
--

ALTER TABLE ONLY exp_asset_stats
    ADD CONSTRAINT exp_asset_stats_pkey PRIMARY KEY (asset_code, asset_issuer, asset_type);


--
-- Name: exp_history_assets exp_history_assets_asset_code_asset_type_asset_issuer_key; Type: CONSTRAINT; Schema: public; Owner: -
--

ALTER TABLE ONLY exp_history_assets
    ADD CONSTRAINT exp_history_assets_asset_code_asset_type_asset_issuer_key UNIQUE (asset_code, asset_type, asset_issuer);


--
-- Name: exp_history_assets exp_history_assets_pkey; Type: CONSTRAINT; Schema: public; Owner: -
--

ALTER TABLE ONLY exp_history_assets
    ADD CONSTRAINT exp_history_assets_pkey PRIMARY KEY (id);


--
-- Name: exp_history_operation_participants exp_history_operation_participants_pkey; Type: CONSTRAINT; Schema: public; Owner: -
--

ALTER TABLE ONLY exp_history_operation_participants
    ADD CONSTRAINT exp_history_operation_participants_pkey PRIMARY KEY (id);


--
-- Name: exp_history_transaction_participants exp_history_transaction_participants_pkey; Type: CONSTRAINT; Schema: public; Owner: -
--

ALTER TABLE ONLY exp_history_transaction_participants
    ADD CONSTRAINT exp_history_transaction_participants_pkey PRIMARY KEY (id);


--
-- Name: gorp_migrations gorp_migrations_pkey; Type: CONSTRAINT; Schema: public; Owner: -
--

ALTER TABLE ONLY gorp_migrations
    ADD CONSTRAINT gorp_migrations_pkey PRIMARY KEY (id);


--
-- Name: history_assets history_assets_asset_code_asset_type_asset_issuer_key; Type: CONSTRAINT; Schema: public; Owner: -
--

ALTER TABLE ONLY history_assets
    ADD CONSTRAINT history_assets_asset_code_asset_type_asset_issuer_key UNIQUE (asset_code, asset_type, asset_issuer);


--
-- Name: history_assets history_assets_pkey; Type: CONSTRAINT; Schema: public; Owner: -
--

ALTER TABLE ONLY history_assets
    ADD CONSTRAINT history_assets_pkey PRIMARY KEY (id);


--
-- Name: history_operation_participants history_operation_participants_pkey; Type: CONSTRAINT; Schema: public; Owner: -
--

ALTER TABLE ONLY history_operation_participants
    ADD CONSTRAINT history_operation_participants_pkey PRIMARY KEY (id);


--
-- Name: history_transaction_participants history_transaction_participants_pkey; Type: CONSTRAINT; Schema: public; Owner: -
--

ALTER TABLE ONLY history_transaction_participants
    ADD CONSTRAINT history_transaction_participants_pkey PRIMARY KEY (id);


--
-- Name: key_value_store key_value_store_pkey; Type: CONSTRAINT; Schema: public; Owner: -
--

ALTER TABLE ONLY key_value_store
    ADD CONSTRAINT key_value_store_pkey PRIMARY KEY (key);


--
-- Name: offers offers_pkey; Type: CONSTRAINT; Schema: public; Owner: -
--

ALTER TABLE ONLY offers
    ADD CONSTRAINT offers_pkey PRIMARY KEY (offer_id);


--
-- Name: trust_lines trust_lines_pkey; Type: CONSTRAINT; Schema: public; Owner: -
--

ALTER TABLE ONLY trust_lines
    ADD CONSTRAINT trust_lines_pkey PRIMARY KEY (ledger_key);


--
-- Name: accounts_data_account_id_name; Type: INDEX; Schema: public; Owner: -
--

CREATE UNIQUE INDEX accounts_data_account_id_name ON accounts_data USING btree (account_id, name);


--
-- Name: accounts_home_domain; Type: INDEX; Schema: public; Owner: -
--

CREATE INDEX accounts_home_domain ON accounts USING btree (home_domain);


--
-- Name: accounts_inflation_destination; Type: INDEX; Schema: public; Owner: -
--

CREATE INDEX accounts_inflation_destination ON accounts USING btree (inflation_destination);


--
-- Name: asset_by_code; Type: INDEX; Schema: public; Owner: -
--

CREATE INDEX asset_by_code ON history_assets USING btree (asset_code);


--
-- Name: asset_by_issuer; Type: INDEX; Schema: public; Owner: -
--

CREATE INDEX asset_by_issuer ON history_assets USING btree (asset_issuer);


--
-- Name: by_account; Type: INDEX; Schema: public; Owner: -
--

CREATE INDEX by_account ON history_transactions USING btree (account, account_sequence);


--
-- Name: by_hash; Type: INDEX; Schema: public; Owner: -
--

CREATE INDEX by_hash ON history_transactions USING btree (transaction_hash);


--
-- Name: by_ledger; Type: INDEX; Schema: public; Owner: -
--

CREATE INDEX by_ledger ON history_transactions USING btree (ledger_sequence, application_order);


--
-- Name: exp_asset_stats_by_code; Type: INDEX; Schema: public; Owner: -
--

CREATE INDEX exp_asset_stats_by_code ON exp_asset_stats USING btree (asset_code);


--
-- Name: exp_asset_stats_by_issuer; Type: INDEX; Schema: public; Owner: -
--

CREATE INDEX exp_asset_stats_by_issuer ON exp_asset_stats USING btree (asset_issuer);


--
-- Name: exp_history_accounts_address_idx; Type: INDEX; Schema: public; Owner: -
--

CREATE UNIQUE INDEX exp_history_accounts_address_idx ON exp_history_accounts USING btree (address);


--
-- Name: exp_history_accounts_id_idx; Type: INDEX; Schema: public; Owner: -
--

CREATE UNIQUE INDEX exp_history_accounts_id_idx ON exp_history_accounts USING btree (id);


--
-- Name: exp_history_assets_asset_code_idx; Type: INDEX; Schema: public; Owner: -
--

CREATE INDEX exp_history_assets_asset_code_idx ON exp_history_assets USING btree (asset_code);


--
-- Name: exp_history_assets_asset_issuer_idx; Type: INDEX; Schema: public; Owner: -
--

CREATE INDEX exp_history_assets_asset_issuer_idx ON exp_history_assets USING btree (asset_issuer);


--
-- Name: exp_history_effects_expr_expr1_expr2_expr3_expr4_expr5_idx; Type: INDEX; Schema: public; Owner: -
--

CREATE INDEX exp_history_effects_expr_expr1_expr2_expr3_expr4_expr5_idx ON exp_history_effects USING btree (((details ->> 'sold_asset_type'::text)), ((details ->> 'sold_asset_code'::text)), ((details ->> 'sold_asset_issuer'::text)), ((details ->> 'bought_asset_type'::text)), ((details ->> 'bought_asset_code'::text)), ((details ->> 'bought_asset_issuer'::text))) WHERE (type = 33);


--
-- Name: exp_history_effects_history_account_id_history_operation_id_idx; Type: INDEX; Schema: public; Owner: -
--

CREATE UNIQUE INDEX exp_history_effects_history_account_id_history_operation_id_idx ON exp_history_effects USING btree (history_account_id, history_operation_id, "order");


--
-- Name: exp_history_effects_history_operation_id_order_idx; Type: INDEX; Schema: public; Owner: -
--

CREATE UNIQUE INDEX exp_history_effects_history_operation_id_order_idx ON exp_history_effects USING btree (history_operation_id, "order");


--
-- Name: exp_history_effects_type_idx; Type: INDEX; Schema: public; Owner: -
--

CREATE INDEX exp_history_effects_type_idx ON exp_history_effects USING btree (type);


--
-- Name: exp_history_ledgers_closed_at_idx; Type: INDEX; Schema: public; Owner: -
--

CREATE INDEX exp_history_ledgers_closed_at_idx ON exp_history_ledgers USING btree (closed_at);


--
-- Name: exp_history_ledgers_id_idx; Type: INDEX; Schema: public; Owner: -
--

CREATE UNIQUE INDEX exp_history_ledgers_id_idx ON exp_history_ledgers USING btree (id);


--
-- Name: exp_history_ledgers_importer_version_idx; Type: INDEX; Schema: public; Owner: -
--

CREATE INDEX exp_history_ledgers_importer_version_idx ON exp_history_ledgers USING btree (importer_version);


--
-- Name: exp_history_ledgers_ledger_hash_idx; Type: INDEX; Schema: public; Owner: -
--

CREATE UNIQUE INDEX exp_history_ledgers_ledger_hash_idx ON exp_history_ledgers USING btree (ledger_hash);


--
-- Name: exp_history_ledgers_previous_ledger_hash_idx; Type: INDEX; Schema: public; Owner: -
--

CREATE UNIQUE INDEX exp_history_ledgers_previous_ledger_hash_idx ON exp_history_ledgers USING btree (previous_ledger_hash);


--
-- Name: exp_history_ledgers_sequence_idx; Type: INDEX; Schema: public; Owner: -
--

CREATE UNIQUE INDEX exp_history_ledgers_sequence_idx ON exp_history_ledgers USING btree (sequence);


--
-- Name: exp_history_operation_partici_history_account_id_history_op_idx; Type: INDEX; Schema: public; Owner: -
--

CREATE UNIQUE INDEX exp_history_operation_partici_history_account_id_history_op_idx ON exp_history_operation_participants USING btree (history_account_id, history_operation_id);


--
-- Name: exp_history_operation_participants_history_operation_id_idx; Type: INDEX; Schema: public; Owner: -
--

CREATE INDEX exp_history_operation_participants_history_operation_id_idx ON exp_history_operation_participants USING btree (history_operation_id);


--
-- Name: exp_history_operations_id_idx; Type: INDEX; Schema: public; Owner: -
--

CREATE UNIQUE INDEX exp_history_operations_id_idx ON exp_history_operations USING btree (id);


--
-- Name: exp_history_operations_transaction_id_idx; Type: INDEX; Schema: public; Owner: -
--

CREATE INDEX exp_history_operations_transaction_id_idx ON exp_history_operations USING btree (transaction_id);


--
-- Name: exp_history_operations_type_idx; Type: INDEX; Schema: public; Owner: -
--

CREATE INDEX exp_history_operations_type_idx ON exp_history_operations USING btree (type);


--
-- Name: exp_history_transaction_parti_history_account_id_history_tr_idx; Type: INDEX; Schema: public; Owner: -
--

CREATE UNIQUE INDEX exp_history_transaction_parti_history_account_id_history_tr_idx ON exp_history_transaction_participants USING btree (history_account_id, history_transaction_id);


--
-- Name: exp_history_transaction_participants_history_transaction_id_idx; Type: INDEX; Schema: public; Owner: -
--

CREATE INDEX exp_history_transaction_participants_history_transaction_id_idx ON exp_history_transaction_participants USING btree (history_transaction_id);


--
-- Name: exp_history_transactions_account_account_sequence_idx; Type: INDEX; Schema: public; Owner: -
--

CREATE INDEX exp_history_transactions_account_account_sequence_idx ON exp_history_transactions USING btree (account, account_sequence);


--
-- Name: exp_history_transactions_id_idx; Type: INDEX; Schema: public; Owner: -
--

CREATE UNIQUE INDEX exp_history_transactions_id_idx ON exp_history_transactions USING btree (id);


--
-- Name: exp_history_transactions_ledger_sequence_application_order_idx; Type: INDEX; Schema: public; Owner: -
--

CREATE INDEX exp_history_transactions_ledger_sequence_application_order_idx ON exp_history_transactions USING btree (ledger_sequence, application_order);


--
-- Name: exp_history_transactions_transaction_hash_idx; Type: INDEX; Schema: public; Owner: -
--

CREATE INDEX exp_history_transactions_transaction_hash_idx ON exp_history_transactions USING btree (transaction_hash);


--
-- Name: exp_htrd_by_base_account; Type: INDEX; Schema: public; Owner: -
--

CREATE INDEX exp_htrd_by_base_account ON exp_history_trades USING btree (base_account_id);


--
-- Name: exp_htrd_by_base_offer; Type: INDEX; Schema: public; Owner: -
--

CREATE INDEX exp_htrd_by_base_offer ON exp_history_trades USING btree (base_offer_id);


--
-- Name: exp_htrd_by_counter_account; Type: INDEX; Schema: public; Owner: -
--

CREATE INDEX exp_htrd_by_counter_account ON exp_history_trades USING btree (counter_account_id);


--
-- Name: exp_htrd_by_counter_offer; Type: INDEX; Schema: public; Owner: -
--

CREATE INDEX exp_htrd_by_counter_offer ON exp_history_trades USING btree (counter_offer_id);


--
-- Name: exp_htrd_by_offer; Type: INDEX; Schema: public; Owner: -
--

CREATE INDEX exp_htrd_by_offer ON exp_history_trades USING btree (offer_id);


--
-- Name: exp_htrd_counter_lookup; Type: INDEX; Schema: public; Owner: -
--

CREATE INDEX exp_htrd_counter_lookup ON exp_history_trades USING btree (counter_asset_id);


--
-- Name: exp_htrd_pair_time_lookup; Type: INDEX; Schema: public; Owner: -
--

CREATE INDEX exp_htrd_pair_time_lookup ON exp_history_trades USING btree (base_asset_id, counter_asset_id, ledger_closed_at);


--
-- Name: exp_htrd_pid; Type: INDEX; Schema: public; Owner: -
--

CREATE UNIQUE INDEX exp_htrd_pid ON exp_history_trades USING btree (history_operation_id, "order");


--
-- Name: exp_htrd_time_lookup; Type: INDEX; Schema: public; Owner: -
--

CREATE INDEX exp_htrd_time_lookup ON exp_history_trades USING btree (ledger_closed_at);


--
-- Name: hist_e_by_order; Type: INDEX; Schema: public; Owner: -
--

CREATE UNIQUE INDEX hist_e_by_order ON history_effects USING btree (history_operation_id, "order");


--
-- Name: hist_e_id; Type: INDEX; Schema: public; Owner: -
--

CREATE UNIQUE INDEX hist_e_id ON history_effects USING btree (history_account_id, history_operation_id, "order");


--
-- Name: hist_op_p_id; Type: INDEX; Schema: public; Owner: -
--

CREATE UNIQUE INDEX hist_op_p_id ON history_operation_participants USING btree (history_account_id, history_operation_id);


--
-- Name: hist_tx_p_id; Type: INDEX; Schema: public; Owner: -
--

CREATE UNIQUE INDEX hist_tx_p_id ON history_transaction_participants USING btree (history_account_id, history_transaction_id);


--
-- Name: hop_by_hoid; Type: INDEX; Schema: public; Owner: -
--

CREATE INDEX hop_by_hoid ON history_operation_participants USING btree (history_operation_id);


--
-- Name: hs_ledger_by_id; Type: INDEX; Schema: public; Owner: -
--

CREATE UNIQUE INDEX hs_ledger_by_id ON history_ledgers USING btree (id);


--
-- Name: hs_transaction_by_id; Type: INDEX; Schema: public; Owner: -
--

CREATE UNIQUE INDEX hs_transaction_by_id ON history_transactions USING btree (id);


--
-- Name: htp_by_htid; Type: INDEX; Schema: public; Owner: -
--

CREATE INDEX htp_by_htid ON history_transaction_participants USING btree (history_transaction_id);


--
-- Name: htrd_by_base_account; Type: INDEX; Schema: public; Owner: -
--

CREATE INDEX htrd_by_base_account ON history_trades USING btree (base_account_id);


--
-- Name: htrd_by_base_offer; Type: INDEX; Schema: public; Owner: -
--

CREATE INDEX htrd_by_base_offer ON history_trades USING btree (base_offer_id);


--
-- Name: htrd_by_counter_account; Type: INDEX; Schema: public; Owner: -
--

CREATE INDEX htrd_by_counter_account ON history_trades USING btree (counter_account_id);


--
-- Name: htrd_by_counter_offer; Type: INDEX; Schema: public; Owner: -
--

CREATE INDEX htrd_by_counter_offer ON history_trades USING btree (counter_offer_id);


--
-- Name: htrd_by_offer; Type: INDEX; Schema: public; Owner: -
--

CREATE INDEX htrd_by_offer ON history_trades USING btree (offer_id);


--
-- Name: htrd_counter_lookup; Type: INDEX; Schema: public; Owner: -
--

CREATE INDEX htrd_counter_lookup ON history_trades USING btree (counter_asset_id);


--
-- Name: htrd_pair_time_lookup; Type: INDEX; Schema: public; Owner: -
--

CREATE INDEX htrd_pair_time_lookup ON history_trades USING btree (base_asset_id, counter_asset_id, ledger_closed_at);


--
-- Name: htrd_pid; Type: INDEX; Schema: public; Owner: -
--

CREATE UNIQUE INDEX htrd_pid ON history_trades USING btree (history_operation_id, "order");


--
-- Name: htrd_time_lookup; Type: INDEX; Schema: public; Owner: -
--

CREATE INDEX htrd_time_lookup ON history_trades USING btree (ledger_closed_at);


--
-- Name: index_history_accounts_on_address; Type: INDEX; Schema: public; Owner: -
--

CREATE UNIQUE INDEX index_history_accounts_on_address ON history_accounts USING btree (address);


--
-- Name: index_history_accounts_on_id; Type: INDEX; Schema: public; Owner: -
--

CREATE UNIQUE INDEX index_history_accounts_on_id ON history_accounts USING btree (id);


--
-- Name: index_history_effects_on_type; Type: INDEX; Schema: public; Owner: -
--

CREATE INDEX index_history_effects_on_type ON history_effects USING btree (type);


--
-- Name: index_history_ledgers_on_closed_at; Type: INDEX; Schema: public; Owner: -
--

CREATE INDEX index_history_ledgers_on_closed_at ON history_ledgers USING btree (closed_at);


--
-- Name: index_history_ledgers_on_id; Type: INDEX; Schema: public; Owner: -
--

CREATE UNIQUE INDEX index_history_ledgers_on_id ON history_ledgers USING btree (id);


--
-- Name: index_history_ledgers_on_importer_version; Type: INDEX; Schema: public; Owner: -
--

CREATE INDEX index_history_ledgers_on_importer_version ON history_ledgers USING btree (importer_version);


--
-- Name: index_history_ledgers_on_ledger_hash; Type: INDEX; Schema: public; Owner: -
--

CREATE UNIQUE INDEX index_history_ledgers_on_ledger_hash ON history_ledgers USING btree (ledger_hash);


--
-- Name: index_history_ledgers_on_previous_ledger_hash; Type: INDEX; Schema: public; Owner: -
--

CREATE UNIQUE INDEX index_history_ledgers_on_previous_ledger_hash ON history_ledgers USING btree (previous_ledger_hash);


--
-- Name: index_history_ledgers_on_sequence; Type: INDEX; Schema: public; Owner: -
--

CREATE UNIQUE INDEX index_history_ledgers_on_sequence ON history_ledgers USING btree (sequence);


--
-- Name: index_history_operations_on_id; Type: INDEX; Schema: public; Owner: -
--

CREATE UNIQUE INDEX index_history_operations_on_id ON history_operations USING btree (id);


--
-- Name: index_history_operations_on_transaction_id; Type: INDEX; Schema: public; Owner: -
--

CREATE INDEX index_history_operations_on_transaction_id ON history_operations USING btree (transaction_id);


--
-- Name: index_history_operations_on_type; Type: INDEX; Schema: public; Owner: -
--

CREATE INDEX index_history_operations_on_type ON history_operations USING btree (type);


--
-- Name: index_history_transactions_on_id; Type: INDEX; Schema: public; Owner: -
--

CREATE UNIQUE INDEX index_history_transactions_on_id ON history_transactions USING btree (id);


--
-- Name: offers_by_buying_asset; Type: INDEX; Schema: public; Owner: -
--

CREATE INDEX offers_by_buying_asset ON offers USING btree (buying_asset);


--
-- Name: offers_by_last_modified_ledger; Type: INDEX; Schema: public; Owner: -
--

CREATE INDEX offers_by_last_modified_ledger ON offers USING btree (last_modified_ledger);


--
-- Name: offers_by_seller; Type: INDEX; Schema: public; Owner: -
--

CREATE INDEX offers_by_seller ON offers USING btree (seller_id);


--
-- Name: offers_by_selling_asset; Type: INDEX; Schema: public; Owner: -
--

CREATE INDEX offers_by_selling_asset ON offers USING btree (selling_asset);


--
-- Name: signers_by_account; Type: INDEX; Schema: public; Owner: -
--

CREATE INDEX signers_by_account ON accounts_signers USING btree (account_id);


--
-- Name: trade_effects_by_order_book; Type: INDEX; Schema: public; Owner: -
--

CREATE INDEX trade_effects_by_order_book ON history_effects USING btree (((details ->> 'sold_asset_type'::text)), ((details ->> 'sold_asset_code'::text)), ((details ->> 'sold_asset_issuer'::text)), ((details ->> 'bought_asset_type'::text)), ((details ->> 'bought_asset_code'::text)), ((details ->> 'bought_asset_issuer'::text))) WHERE (type = 33);


--
-- Name: trust_lines_by_account_id; Type: INDEX; Schema: public; Owner: -
--

CREATE INDEX trust_lines_by_account_id ON trust_lines USING btree (account_id);


--
-- Name: trust_lines_by_issuer; Type: INDEX; Schema: public; Owner: -
--

CREATE INDEX trust_lines_by_issuer ON trust_lines USING btree (asset_issuer);


--
-- Name: trust_lines_by_type_code_issuer; Type: INDEX; Schema: public; Owner: -
--

CREATE INDEX trust_lines_by_type_code_issuer ON trust_lines USING btree (asset_type, asset_code, asset_issuer);


--
-- Name: asset_stats asset_stats_id_fkey; Type: FK CONSTRAINT; Schema: public; Owner: -
--

ALTER TABLE ONLY asset_stats
    ADD CONSTRAINT asset_stats_id_fkey FOREIGN KEY (id) REFERENCES history_assets(id) ON UPDATE RESTRICT ON DELETE CASCADE;


--
-- Name: exp_history_trades exp_history_trades_base_account_id_fkey; Type: FK CONSTRAINT; Schema: public; Owner: -
--

ALTER TABLE ONLY exp_history_trades
    ADD CONSTRAINT exp_history_trades_base_account_id_fkey FOREIGN KEY (base_account_id) REFERENCES exp_history_accounts(id);


--
-- Name: exp_history_trades exp_history_trades_base_asset_id_fkey; Type: FK CONSTRAINT; Schema: public; Owner: -
--

ALTER TABLE ONLY exp_history_trades
    ADD CONSTRAINT exp_history_trades_base_asset_id_fkey FOREIGN KEY (base_asset_id) REFERENCES exp_history_assets(id);


--
-- Name: exp_history_trades exp_history_trades_counter_account_id_fkey; Type: FK CONSTRAINT; Schema: public; Owner: -
--

ALTER TABLE ONLY exp_history_trades
    ADD CONSTRAINT exp_history_trades_counter_account_id_fkey FOREIGN KEY (counter_account_id) REFERENCES exp_history_accounts(id);


--
-- Name: exp_history_trades exp_history_trades_counter_asset_id_fkey; Type: FK CONSTRAINT; Schema: public; Owner: -
--

ALTER TABLE ONLY exp_history_trades
    ADD CONSTRAINT exp_history_trades_counter_asset_id_fkey FOREIGN KEY (counter_asset_id) REFERENCES exp_history_assets(id);


--
-- Name: history_trades history_trades_base_account_id_fkey; Type: FK CONSTRAINT; Schema: public; Owner: -
--

ALTER TABLE ONLY history_trades
    ADD CONSTRAINT history_trades_base_account_id_fkey FOREIGN KEY (base_account_id) REFERENCES history_accounts(id);


--
-- Name: history_trades history_trades_base_asset_id_fkey; Type: FK CONSTRAINT; Schema: public; Owner: -
--

ALTER TABLE ONLY history_trades
    ADD CONSTRAINT history_trades_base_asset_id_fkey FOREIGN KEY (base_asset_id) REFERENCES history_assets(id);


--
-- Name: history_trades history_trades_counter_account_id_fkey; Type: FK CONSTRAINT; Schema: public; Owner: -
--

ALTER TABLE ONLY history_trades
    ADD CONSTRAINT history_trades_counter_account_id_fkey FOREIGN KEY (counter_account_id) REFERENCES history_accounts(id);


--
-- Name: history_trades history_trades_counter_asset_id_fkey; Type: FK CONSTRAINT; Schema: public; Owner: -
--

ALTER TABLE ONLY history_trades
    ADD CONSTRAINT history_trades_counter_asset_id_fkey FOREIGN KEY (counter_asset_id) REFERENCES history_assets(id);


--
-- PostgreSQL database dump complete
--

