--
-- PostgreSQL database dump
--

-- Dumped from database version 9.6.1
-- Dumped by pg_dump version 9.6.1

SET statement_timeout = 0;
SET lock_timeout = 0;
SET client_encoding = 'UTF8';
SET standard_conforming_strings = on;
SET check_function_bodies = false;
SET client_min_messages = warning;

SET search_path = public, pg_catalog;

ALTER TABLE IF EXISTS ONLY public.history_trades DROP CONSTRAINT IF EXISTS history_trades_counter_asset_id_fkey;
ALTER TABLE IF EXISTS ONLY public.history_trades DROP CONSTRAINT IF EXISTS history_trades_counter_account_id_fkey;
ALTER TABLE IF EXISTS ONLY public.history_trades DROP CONSTRAINT IF EXISTS history_trades_base_asset_id_fkey;
ALTER TABLE IF EXISTS ONLY public.history_trades DROP CONSTRAINT IF EXISTS history_trades_base_account_id_fkey;
ALTER TABLE IF EXISTS ONLY public.exp_history_trades DROP CONSTRAINT IF EXISTS exp_history_trades_counter_asset_id_fkey;
ALTER TABLE IF EXISTS ONLY public.exp_history_trades DROP CONSTRAINT IF EXISTS exp_history_trades_counter_account_id_fkey;
ALTER TABLE IF EXISTS ONLY public.exp_history_trades DROP CONSTRAINT IF EXISTS exp_history_trades_base_asset_id_fkey;
ALTER TABLE IF EXISTS ONLY public.exp_history_trades DROP CONSTRAINT IF EXISTS exp_history_trades_base_account_id_fkey;
ALTER TABLE IF EXISTS ONLY public.asset_stats DROP CONSTRAINT IF EXISTS asset_stats_id_fkey;
DROP INDEX IF EXISTS public.trust_lines_by_type_code_issuer;
DROP INDEX IF EXISTS public.trust_lines_by_issuer;
DROP INDEX IF EXISTS public.trust_lines_by_account_id;
DROP INDEX IF EXISTS public.trade_effects_by_order_book;
DROP INDEX IF EXISTS public.signers_by_account;
DROP INDEX IF EXISTS public.offers_by_selling_asset;
DROP INDEX IF EXISTS public.offers_by_seller;
DROP INDEX IF EXISTS public.offers_by_last_modified_ledger;
DROP INDEX IF EXISTS public.offers_by_buying_asset;
DROP INDEX IF EXISTS public.index_history_transactions_on_id;
DROP INDEX IF EXISTS public.index_history_operations_on_type;
DROP INDEX IF EXISTS public.index_history_operations_on_transaction_id;
DROP INDEX IF EXISTS public.index_history_operations_on_id;
DROP INDEX IF EXISTS public.index_history_ledgers_on_sequence;
DROP INDEX IF EXISTS public.index_history_ledgers_on_previous_ledger_hash;
DROP INDEX IF EXISTS public.index_history_ledgers_on_ledger_hash;
DROP INDEX IF EXISTS public.index_history_ledgers_on_importer_version;
DROP INDEX IF EXISTS public.index_history_ledgers_on_id;
DROP INDEX IF EXISTS public.index_history_ledgers_on_closed_at;
DROP INDEX IF EXISTS public.index_history_effects_on_type;
DROP INDEX IF EXISTS public.index_history_accounts_on_id;
DROP INDEX IF EXISTS public.index_history_accounts_on_address;
DROP INDEX IF EXISTS public.htrd_time_lookup;
DROP INDEX IF EXISTS public.htrd_pid;
DROP INDEX IF EXISTS public.htrd_pair_time_lookup;
DROP INDEX IF EXISTS public.htrd_counter_lookup;
DROP INDEX IF EXISTS public.htrd_by_offer;
DROP INDEX IF EXISTS public.htrd_by_counter_offer;
DROP INDEX IF EXISTS public.htrd_by_counter_account;
DROP INDEX IF EXISTS public.htrd_by_base_offer;
DROP INDEX IF EXISTS public.htrd_by_base_account;
DROP INDEX IF EXISTS public.htp_by_htid;
DROP INDEX IF EXISTS public.hs_transaction_by_id;
DROP INDEX IF EXISTS public.hs_ledger_by_id;
DROP INDEX IF EXISTS public.hop_by_hoid;
DROP INDEX IF EXISTS public.hist_tx_p_id;
DROP INDEX IF EXISTS public.hist_op_p_id;
DROP INDEX IF EXISTS public.hist_e_id;
DROP INDEX IF EXISTS public.hist_e_by_order;
DROP INDEX IF EXISTS public.exp_htrd_time_lookup;
DROP INDEX IF EXISTS public.exp_htrd_pid;
DROP INDEX IF EXISTS public.exp_htrd_pair_time_lookup;
DROP INDEX IF EXISTS public.exp_htrd_counter_lookup;
DROP INDEX IF EXISTS public.exp_htrd_by_offer;
DROP INDEX IF EXISTS public.exp_htrd_by_counter_offer;
DROP INDEX IF EXISTS public.exp_htrd_by_counter_account;
DROP INDEX IF EXISTS public.exp_htrd_by_base_offer;
DROP INDEX IF EXISTS public.exp_htrd_by_base_account;
DROP INDEX IF EXISTS public.exp_history_transactions_transaction_hash_idx;
DROP INDEX IF EXISTS public.exp_history_transactions_ledger_sequence_application_order_idx;
DROP INDEX IF EXISTS public.exp_history_transactions_id_idx;
DROP INDEX IF EXISTS public.exp_history_transactions_account_account_sequence_idx;
DROP INDEX IF EXISTS public.exp_history_transaction_participants_history_transaction_id_idx;
DROP INDEX IF EXISTS public.exp_history_transaction_parti_history_account_id_history_tr_idx;
DROP INDEX IF EXISTS public.exp_history_operations_type_idx;
DROP INDEX IF EXISTS public.exp_history_operations_transaction_id_idx;
DROP INDEX IF EXISTS public.exp_history_operations_id_idx;
DROP INDEX IF EXISTS public.exp_history_operation_participants_history_operation_id_idx;
DROP INDEX IF EXISTS public.exp_history_operation_partici_history_account_id_history_op_idx;
DROP INDEX IF EXISTS public.exp_history_ledgers_sequence_idx;
DROP INDEX IF EXISTS public.exp_history_ledgers_previous_ledger_hash_idx;
DROP INDEX IF EXISTS public.exp_history_ledgers_ledger_hash_idx;
DROP INDEX IF EXISTS public.exp_history_ledgers_importer_version_idx;
DROP INDEX IF EXISTS public.exp_history_ledgers_id_idx;
DROP INDEX IF EXISTS public.exp_history_ledgers_closed_at_idx;
DROP INDEX IF EXISTS public.exp_history_effects_type_idx;
DROP INDEX IF EXISTS public.exp_history_effects_history_operation_id_order_idx;
DROP INDEX IF EXISTS public.exp_history_effects_history_account_id_history_operation_id_idx;
DROP INDEX IF EXISTS public.exp_history_effects_expr_expr1_expr2_expr3_expr4_expr5_idx;
DROP INDEX IF EXISTS public.exp_history_assets_asset_issuer_idx;
DROP INDEX IF EXISTS public.exp_history_assets_asset_code_idx;
DROP INDEX IF EXISTS public.exp_history_accounts_id_idx;
DROP INDEX IF EXISTS public.exp_history_accounts_address_idx;
DROP INDEX IF EXISTS public.exp_asset_stats_by_issuer;
DROP INDEX IF EXISTS public.exp_asset_stats_by_code;
DROP INDEX IF EXISTS public.by_ledger;
DROP INDEX IF EXISTS public.by_hash;
DROP INDEX IF EXISTS public.by_account;
DROP INDEX IF EXISTS public.asset_by_issuer;
DROP INDEX IF EXISTS public.asset_by_code;
DROP INDEX IF EXISTS public.accounts_inflation_destination;
DROP INDEX IF EXISTS public.accounts_home_domain;
DROP INDEX IF EXISTS public.accounts_data_account_id_name;
ALTER TABLE IF EXISTS ONLY public.trust_lines DROP CONSTRAINT IF EXISTS trust_lines_pkey;
ALTER TABLE IF EXISTS ONLY public.offers DROP CONSTRAINT IF EXISTS offers_pkey;
ALTER TABLE IF EXISTS ONLY public.key_value_store DROP CONSTRAINT IF EXISTS key_value_store_pkey;
ALTER TABLE IF EXISTS ONLY public.history_transaction_participants DROP CONSTRAINT IF EXISTS history_transaction_participants_pkey;
ALTER TABLE IF EXISTS ONLY public.history_operation_participants DROP CONSTRAINT IF EXISTS history_operation_participants_pkey;
ALTER TABLE IF EXISTS ONLY public.history_assets DROP CONSTRAINT IF EXISTS history_assets_pkey;
ALTER TABLE IF EXISTS ONLY public.history_assets DROP CONSTRAINT IF EXISTS history_assets_asset_code_asset_type_asset_issuer_key;
ALTER TABLE IF EXISTS ONLY public.gorp_migrations DROP CONSTRAINT IF EXISTS gorp_migrations_pkey;
ALTER TABLE IF EXISTS ONLY public.exp_history_transaction_participants DROP CONSTRAINT IF EXISTS exp_history_transaction_participants_pkey;
ALTER TABLE IF EXISTS ONLY public.exp_history_operation_participants DROP CONSTRAINT IF EXISTS exp_history_operation_participants_pkey;
ALTER TABLE IF EXISTS ONLY public.exp_history_assets DROP CONSTRAINT IF EXISTS exp_history_assets_pkey;
ALTER TABLE IF EXISTS ONLY public.exp_history_assets DROP CONSTRAINT IF EXISTS exp_history_assets_asset_code_asset_type_asset_issuer_key;
ALTER TABLE IF EXISTS ONLY public.exp_asset_stats DROP CONSTRAINT IF EXISTS exp_asset_stats_pkey;
ALTER TABLE IF EXISTS ONLY public.asset_stats DROP CONSTRAINT IF EXISTS asset_stats_pkey;
ALTER TABLE IF EXISTS ONLY public.accounts_signers DROP CONSTRAINT IF EXISTS accounts_signers_pkey;
ALTER TABLE IF EXISTS ONLY public.accounts DROP CONSTRAINT IF EXISTS accounts_pkey;
ALTER TABLE IF EXISTS ONLY public.accounts_data DROP CONSTRAINT IF EXISTS accounts_data_pkey;
ALTER TABLE IF EXISTS public.history_transaction_participants ALTER COLUMN id DROP DEFAULT;
ALTER TABLE IF EXISTS public.history_operation_participants ALTER COLUMN id DROP DEFAULT;
ALTER TABLE IF EXISTS public.history_assets ALTER COLUMN id DROP DEFAULT;
DROP TABLE IF EXISTS public.trust_lines;
DROP TABLE IF EXISTS public.offers;
DROP TABLE IF EXISTS public.key_value_store;
DROP TABLE IF EXISTS public.history_transactions;
DROP TABLE IF EXISTS public.history_trades;
DROP TABLE IF EXISTS public.history_operations;
DROP TABLE IF EXISTS public.history_ledgers;
DROP TABLE IF EXISTS public.history_effects;
DROP TABLE IF EXISTS public.history_accounts;
DROP TABLE IF EXISTS public.gorp_migrations;
DROP TABLE IF EXISTS public.exp_history_transactions;
DROP TABLE IF EXISTS public.exp_history_transaction_participants;
DROP SEQUENCE IF EXISTS public.history_transaction_participants_id_seq;
DROP TABLE IF EXISTS public.history_transaction_participants;
DROP TABLE IF EXISTS public.exp_history_trades;
DROP TABLE IF EXISTS public.exp_history_operations;
DROP TABLE IF EXISTS public.exp_history_operation_participants;
DROP SEQUENCE IF EXISTS public.history_operation_participants_id_seq;
DROP TABLE IF EXISTS public.history_operation_participants;
DROP TABLE IF EXISTS public.exp_history_ledgers;
DROP TABLE IF EXISTS public.exp_history_effects;
DROP TABLE IF EXISTS public.exp_history_assets;
DROP SEQUENCE IF EXISTS public.history_assets_id_seq;
DROP TABLE IF EXISTS public.history_assets;
DROP TABLE IF EXISTS public.exp_history_accounts;
DROP SEQUENCE IF EXISTS public.history_accounts_id_seq;
DROP TABLE IF EXISTS public.exp_asset_stats;
DROP TABLE IF EXISTS public.asset_stats;
DROP TABLE IF EXISTS public.accounts_signers;
DROP TABLE IF EXISTS public.accounts_data;
DROP TABLE IF EXISTS public.accounts;
DROP AGGREGATE IF EXISTS public.min_price(numeric[]);
DROP AGGREGATE IF EXISTS public.max_price(numeric[]);
DROP AGGREGATE IF EXISTS public.last(anyelement);
DROP AGGREGATE IF EXISTS public.first(anyelement);
DROP FUNCTION IF EXISTS public.min_price_agg(numeric[], numeric[]);
DROP FUNCTION IF EXISTS public.max_price_agg(numeric[], numeric[]);
DROP FUNCTION IF EXISTS public.last_agg(anyelement, anyelement);
DROP FUNCTION IF EXISTS public.first_agg(anyelement, anyelement);
DROP EXTENSION IF EXISTS plpgsql;
DROP SCHEMA IF EXISTS public;
--
-- Name: public; Type: SCHEMA; Schema: -; Owner: -
--

CREATE SCHEMA public;


--
-- Name: SCHEMA public; Type: COMMENT; Schema: -; Owner: -
--

COMMENT ON SCHEMA public IS 'standard public schema';


--
-- Name: plpgsql; Type: EXTENSION; Schema: -; Owner: -
--

CREATE EXTENSION IF NOT EXISTS plpgsql WITH SCHEMA pg_catalog;


--
-- Name: EXTENSION plpgsql; Type: COMMENT; Schema: -; Owner: -
--

COMMENT ON EXTENSION plpgsql IS 'PL/pgSQL procedural language';


SET search_path = public, pg_catalog;

--
-- Name: first_agg(anyelement, anyelement); Type: FUNCTION; Schema: public; Owner: -
--

CREATE FUNCTION first_agg(anyelement, anyelement) RETURNS anyelement
    LANGUAGE sql IMMUTABLE STRICT
    AS $_$ SELECT $1 $_$;


--
-- Name: last_agg(anyelement, anyelement); Type: FUNCTION; Schema: public; Owner: -
--

CREATE FUNCTION last_agg(anyelement, anyelement) RETURNS anyelement
    LANGUAGE sql IMMUTABLE STRICT
    AS $_$ SELECT $2 $_$;


--
-- Name: max_price_agg(numeric[], numeric[]); Type: FUNCTION; Schema: public; Owner: -
--

CREATE FUNCTION max_price_agg(numeric[], numeric[]) RETURNS numeric[]
    LANGUAGE sql IMMUTABLE STRICT
    AS $_$ SELECT (
  CASE WHEN $1[1]/$1[2]>$2[1]/$2[2] THEN $1 ELSE $2 END) $_$;


--
-- Name: min_price_agg(numeric[], numeric[]); Type: FUNCTION; Schema: public; Owner: -
--

CREATE FUNCTION min_price_agg(numeric[], numeric[]) RETURNS numeric[]
    LANGUAGE sql IMMUTABLE STRICT
    AS $_$ SELECT (
  CASE WHEN $1[1]/$1[2]<$2[1]/$2[2] THEN $1 ELSE $2 END) $_$;


--
-- Name: first(anyelement); Type: AGGREGATE; Schema: public; Owner: -
--

CREATE AGGREGATE first(anyelement) (
    SFUNC = first_agg,
    STYPE = anyelement
);


--
-- Name: last(anyelement); Type: AGGREGATE; Schema: public; Owner: -
--

CREATE AGGREGATE last(anyelement) (
    SFUNC = last_agg,
    STYPE = anyelement
);


--
-- Name: max_price(numeric[]); Type: AGGREGATE; Schema: public; Owner: -
--

CREATE AGGREGATE max_price(numeric[]) (
    SFUNC = max_price_agg,
    STYPE = numeric[]
);


--
-- Name: min_price(numeric[]); Type: AGGREGATE; Schema: public; Owner: -
--

CREATE AGGREGATE min_price(numeric[]) (
    SFUNC = min_price_agg,
    STYPE = numeric[]
);


SET default_tablespace = '';

SET default_with_oids = false;

--
-- Name: accounts; Type: TABLE; Schema: public; Owner: -
--

CREATE TABLE accounts (
    account_id character varying(56) NOT NULL,
    balance bigint NOT NULL,
    buying_liabilities bigint NOT NULL,
    selling_liabilities bigint NOT NULL,
    sequence_number bigint NOT NULL,
    num_subentries integer NOT NULL,
    inflation_destination character varying(56) NOT NULL,
    flags integer NOT NULL,
    home_domain character varying(32) NOT NULL,
    master_weight smallint NOT NULL,
    threshold_low smallint NOT NULL,
    threshold_medium smallint NOT NULL,
    threshold_high smallint NOT NULL,
    last_modified_ledger integer NOT NULL
);


--
-- Name: accounts_data; Type: TABLE; Schema: public; Owner: -
--

CREATE TABLE accounts_data (
    ledger_key character varying(150) NOT NULL,
    account_id character varying(56) NOT NULL,
    name character varying(64) NOT NULL,
    value character varying(90) NOT NULL,
    last_modified_ledger integer NOT NULL
);


--
-- Name: accounts_signers; Type: TABLE; Schema: public; Owner: -
--

CREATE TABLE accounts_signers (
    account_id character varying(64) NOT NULL,
    signer character varying(64) NOT NULL,
    weight integer NOT NULL
);


--
-- Name: asset_stats; Type: TABLE; Schema: public; Owner: -
--

CREATE TABLE asset_stats (
    id bigint NOT NULL,
    amount character varying NOT NULL,
    num_accounts integer NOT NULL,
    flags smallint NOT NULL,
    toml character varying(255) NOT NULL
);


--
-- Name: exp_asset_stats; Type: TABLE; Schema: public; Owner: -
--

CREATE TABLE exp_asset_stats (
    asset_type integer NOT NULL,
    asset_code character varying(12) NOT NULL,
    asset_issuer character varying(56) NOT NULL,
    amount text NOT NULL,
    num_accounts integer NOT NULL
);


--
-- Name: history_accounts_id_seq; Type: SEQUENCE; Schema: public; Owner: -
--

CREATE SEQUENCE history_accounts_id_seq
    START WITH 1
    INCREMENT BY 1
    NO MINVALUE
    NO MAXVALUE
    CACHE 1;


--
-- Name: exp_history_accounts; Type: TABLE; Schema: public; Owner: -
--

CREATE TABLE exp_history_accounts (
    id bigint DEFAULT nextval('history_accounts_id_seq'::regclass) NOT NULL,
    address character varying(64)
);


--
-- Name: history_assets; Type: TABLE; Schema: public; Owner: -
--

CREATE TABLE history_assets (
    id integer NOT NULL,
    asset_type character varying(64) NOT NULL,
    asset_code character varying(12) NOT NULL,
    asset_issuer character varying(56) NOT NULL
);


--
-- Name: history_assets_id_seq; Type: SEQUENCE; Schema: public; Owner: -
--

CREATE SEQUENCE history_assets_id_seq
    START WITH 1
    INCREMENT BY 1
    NO MINVALUE
    NO MAXVALUE
    CACHE 1;


--
-- Name: history_assets_id_seq; Type: SEQUENCE OWNED BY; Schema: public; Owner: -
--

ALTER SEQUENCE history_assets_id_seq OWNED BY history_assets.id;


--
-- Name: exp_history_assets; Type: TABLE; Schema: public; Owner: -
--

CREATE TABLE exp_history_assets (
    id integer DEFAULT nextval('history_assets_id_seq'::regclass) NOT NULL,
    asset_type character varying(64) NOT NULL,
    asset_code character varying(12) NOT NULL,
    asset_issuer character varying(56) NOT NULL
);


--
-- Name: exp_history_effects; Type: TABLE; Schema: public; Owner: -
--

CREATE TABLE exp_history_effects (
    history_account_id bigint NOT NULL,
    history_operation_id bigint NOT NULL,
    "order" integer NOT NULL,
    type integer NOT NULL,
    details jsonb
);


--
-- Name: exp_history_ledgers; Type: TABLE; Schema: public; Owner: -
--

CREATE TABLE exp_history_ledgers (
    sequence integer NOT NULL,
    ledger_hash character varying(64) NOT NULL,
    previous_ledger_hash character varying(64),
    transaction_count integer DEFAULT 0 NOT NULL,
    operation_count integer DEFAULT 0 NOT NULL,
    closed_at timestamp without time zone NOT NULL,
    created_at timestamp without time zone,
    updated_at timestamp without time zone,
    id bigint,
    importer_version integer DEFAULT 1 NOT NULL,
    total_coins bigint NOT NULL,
    fee_pool bigint NOT NULL,
    base_fee integer NOT NULL,
    base_reserve integer NOT NULL,
    max_tx_set_size integer NOT NULL,
    protocol_version integer DEFAULT 0 NOT NULL,
    ledger_header text,
    successful_transaction_count integer,
    failed_transaction_count integer
);


--
-- Name: history_operation_participants; Type: TABLE; Schema: public; Owner: -
--

CREATE TABLE history_operation_participants (
    id integer NOT NULL,
    history_operation_id bigint NOT NULL,
    history_account_id bigint NOT NULL
);


--
-- Name: history_operation_participants_id_seq; Type: SEQUENCE; Schema: public; Owner: -
--

CREATE SEQUENCE history_operation_participants_id_seq
    START WITH 1
    INCREMENT BY 1
    NO MINVALUE
    NO MAXVALUE
    CACHE 1;


--
-- Name: history_operation_participants_id_seq; Type: SEQUENCE OWNED BY; Schema: public; Owner: -
--

ALTER SEQUENCE history_operation_participants_id_seq OWNED BY history_operation_participants.id;


--
-- Name: exp_history_operation_participants; Type: TABLE; Schema: public; Owner: -
--

CREATE TABLE exp_history_operation_participants (
    id integer DEFAULT nextval('history_operation_participants_id_seq'::regclass) NOT NULL,
    history_operation_id bigint NOT NULL,
    history_account_id bigint NOT NULL
);


--
-- Name: exp_history_operations; Type: TABLE; Schema: public; Owner: -
--

CREATE TABLE exp_history_operations (
    id bigint NOT NULL,
    transaction_id bigint NOT NULL,
    application_order integer NOT NULL,
    type integer NOT NULL,
    details jsonb,
    source_account character varying(64) DEFAULT ''::character varying NOT NULL
);


--
-- Name: exp_history_trades; Type: TABLE; Schema: public; Owner: -
--

CREATE TABLE exp_history_trades (
    history_operation_id bigint NOT NULL,
    "order" integer NOT NULL,
    ledger_closed_at timestamp without time zone NOT NULL,
    offer_id bigint NOT NULL,
    base_account_id bigint NOT NULL,
    base_asset_id bigint NOT NULL,
    base_amount bigint NOT NULL,
    counter_account_id bigint NOT NULL,
    counter_asset_id bigint NOT NULL,
    counter_amount bigint NOT NULL,
    base_is_seller boolean,
    price_n bigint,
    price_d bigint,
    base_offer_id bigint,
    counter_offer_id bigint,
    CONSTRAINT exp_history_trades_base_amount_check CHECK ((base_amount >= 0)),
    CONSTRAINT exp_history_trades_check CHECK ((base_asset_id < counter_asset_id)),
    CONSTRAINT exp_history_trades_counter_amount_check CHECK ((counter_amount >= 0))
);


--
-- Name: history_transaction_participants; Type: TABLE; Schema: public; Owner: -
--

CREATE TABLE history_transaction_participants (
    id integer NOT NULL,
    history_transaction_id bigint NOT NULL,
    history_account_id bigint NOT NULL
);


--
-- Name: history_transaction_participants_id_seq; Type: SEQUENCE; Schema: public; Owner: -
--

CREATE SEQUENCE history_transaction_participants_id_seq
    START WITH 1
    INCREMENT BY 1
    NO MINVALUE
    NO MAXVALUE
    CACHE 1;


--
-- Name: history_transaction_participants_id_seq; Type: SEQUENCE OWNED BY; Schema: public; Owner: -
--

ALTER SEQUENCE history_transaction_participants_id_seq OWNED BY history_transaction_participants.id;


--
-- Name: exp_history_transaction_participants; Type: TABLE; Schema: public; Owner: -
--

CREATE TABLE exp_history_transaction_participants (
    id integer DEFAULT nextval('history_transaction_participants_id_seq'::regclass) NOT NULL,
    history_transaction_id bigint NOT NULL,
    history_account_id bigint NOT NULL
);


--
-- Name: exp_history_transactions; Type: TABLE; Schema: public; Owner: -
--

CREATE TABLE exp_history_transactions (
    transaction_hash character varying(64) NOT NULL,
    ledger_sequence integer NOT NULL,
    application_order integer NOT NULL,
    account character varying(64) NOT NULL,
    account_sequence bigint NOT NULL,
    max_fee integer NOT NULL,
    operation_count integer NOT NULL,
    created_at timestamp without time zone,
    updated_at timestamp without time zone,
    id bigint,
    tx_envelope text NOT NULL,
    tx_result text NOT NULL,
    tx_meta text NOT NULL,
    tx_fee_meta text NOT NULL,
    signatures character varying(96)[] DEFAULT '{}'::character varying[] NOT NULL,
    memo_type character varying DEFAULT 'none'::character varying NOT NULL,
    memo character varying,
    time_bounds int8range,
    successful boolean,
    fee_charged integer
);


--
-- Name: gorp_migrations; Type: TABLE; Schema: public; Owner: -
--

CREATE TABLE gorp_migrations (
    id text NOT NULL,
    applied_at timestamp with time zone
);


--
-- Name: history_accounts; Type: TABLE; Schema: public; Owner: -
--

CREATE TABLE history_accounts (
    id bigint DEFAULT nextval('history_accounts_id_seq'::regclass) NOT NULL,
    address character varying(64)
);


--
-- Name: history_effects; Type: TABLE; Schema: public; Owner: -
--

CREATE TABLE history_effects (
    history_account_id bigint NOT NULL,
    history_operation_id bigint NOT NULL,
    "order" integer NOT NULL,
    type integer NOT NULL,
    details jsonb
);


--
-- Name: history_ledgers; Type: TABLE; Schema: public; Owner: -
--

CREATE TABLE history_ledgers (
    sequence integer NOT NULL,
    ledger_hash character varying(64) NOT NULL,
    previous_ledger_hash character varying(64),
    transaction_count integer DEFAULT 0 NOT NULL,
    operation_count integer DEFAULT 0 NOT NULL,
    closed_at timestamp without time zone NOT NULL,
    created_at timestamp without time zone,
    updated_at timestamp without time zone,
    id bigint,
    importer_version integer DEFAULT 1 NOT NULL,
    total_coins bigint NOT NULL,
    fee_pool bigint NOT NULL,
    base_fee integer NOT NULL,
    base_reserve integer NOT NULL,
    max_tx_set_size integer NOT NULL,
    protocol_version integer DEFAULT 0 NOT NULL,
    ledger_header text,
    successful_transaction_count integer,
    failed_transaction_count integer
);


--
-- Name: history_operations; Type: TABLE; Schema: public; Owner: -
--

CREATE TABLE history_operations (
    id bigint NOT NULL,
    transaction_id bigint NOT NULL,
    application_order integer NOT NULL,
    type integer NOT NULL,
    details jsonb,
    source_account character varying(64) DEFAULT ''::character varying NOT NULL
);


--
-- Name: history_trades; Type: TABLE; Schema: public; Owner: -
--

CREATE TABLE history_trades (
    history_operation_id bigint NOT NULL,
    "order" integer NOT NULL,
    ledger_closed_at timestamp without time zone NOT NULL,
    offer_id bigint NOT NULL,
    base_account_id bigint NOT NULL,
    base_asset_id bigint NOT NULL,
    base_amount bigint NOT NULL,
    counter_account_id bigint NOT NULL,
    counter_asset_id bigint NOT NULL,
    counter_amount bigint NOT NULL,
    base_is_seller boolean,
    price_n bigint,
    price_d bigint,
    base_offer_id bigint,
    counter_offer_id bigint,
    CONSTRAINT history_trades_base_amount_check CHECK ((base_amount >= 0)),
    CONSTRAINT history_trades_check CHECK ((base_asset_id < counter_asset_id)),
    CONSTRAINT history_trades_counter_amount_check CHECK ((counter_amount >= 0))
);


--
-- Name: history_transactions; Type: TABLE; Schema: public; Owner: -
--

CREATE TABLE history_transactions (
    transaction_hash character varying(64) NOT NULL,
    ledger_sequence integer NOT NULL,
    application_order integer NOT NULL,
    account character varying(64) NOT NULL,
    account_sequence bigint NOT NULL,
    max_fee integer NOT NULL,
    operation_count integer NOT NULL,
    created_at timestamp without time zone,
    updated_at timestamp without time zone,
    id bigint,
    tx_envelope text NOT NULL,
    tx_result text NOT NULL,
    tx_meta text NOT NULL,
    tx_fee_meta text NOT NULL,
    signatures character varying(96)[] DEFAULT '{}'::character varying[] NOT NULL,
    memo_type character varying DEFAULT 'none'::character varying NOT NULL,
    memo character varying,
    time_bounds int8range,
    successful boolean,
    fee_charged integer
);


--
-- Name: key_value_store; Type: TABLE; Schema: public; Owner: -
--

CREATE TABLE key_value_store (
    key character varying(255) NOT NULL,
    value character varying(255) NOT NULL
);


--
-- Name: offers; Type: TABLE; Schema: public; Owner: -
--

CREATE TABLE offers (
    seller_id character varying(56) NOT NULL,
    offer_id bigint NOT NULL,
    selling_asset text NOT NULL,
    buying_asset text NOT NULL,
    amount bigint NOT NULL,
    pricen integer NOT NULL,
    priced integer NOT NULL,
    price double precision NOT NULL,
    flags integer NOT NULL,
    last_modified_ledger integer NOT NULL
);


--
-- Name: trust_lines; Type: TABLE; Schema: public; Owner: -
--

CREATE TABLE trust_lines (
    ledger_key character varying(150) NOT NULL,
    account_id character varying(56) NOT NULL,
    asset_type integer NOT NULL,
    asset_issuer character varying(56) NOT NULL,
    asset_code character varying(12) NOT NULL,
    balance bigint NOT NULL,
    trust_line_limit bigint NOT NULL,
    buying_liabilities bigint NOT NULL,
    selling_liabilities bigint NOT NULL,
    flags integer NOT NULL,
    last_modified_ledger integer NOT NULL
);


--
-- Name: history_assets id; Type: DEFAULT; Schema: public; Owner: -
--

ALTER TABLE ONLY history_assets ALTER COLUMN id SET DEFAULT nextval('history_assets_id_seq'::regclass);


--
-- Name: history_operation_participants id; Type: DEFAULT; Schema: public; Owner: -
--

ALTER TABLE ONLY history_operation_participants ALTER COLUMN id SET DEFAULT nextval('history_operation_participants_id_seq'::regclass);


--
-- Name: history_transaction_participants id; Type: DEFAULT; Schema: public; Owner: -
--

ALTER TABLE ONLY history_transaction_participants ALTER COLUMN id SET DEFAULT nextval('history_transaction_participants_id_seq'::regclass);


--
-- Data for Name: accounts; Type: TABLE DATA; Schema: public; Owner: -
--



--
-- Data for Name: accounts_data; Type: TABLE DATA; Schema: public; Owner: -
--



--
-- Data for Name: accounts_signers; Type: TABLE DATA; Schema: public; Owner: -
--



--
-- Data for Name: asset_stats; Type: TABLE DATA; Schema: public; Owner: -
--



--
-- Data for Name: exp_asset_stats; Type: TABLE DATA; Schema: public; Owner: -
--



--
-- Data for Name: exp_history_accounts; Type: TABLE DATA; Schema: public; Owner: -
--



--
-- Data for Name: exp_history_assets; Type: TABLE DATA; Schema: public; Owner: -
--



--
-- Data for Name: exp_history_effects; Type: TABLE DATA; Schema: public; Owner: -
--



--
-- Data for Name: exp_history_ledgers; Type: TABLE DATA; Schema: public; Owner: -
--



--
-- Data for Name: exp_history_operation_participants; Type: TABLE DATA; Schema: public; Owner: -
--



--
-- Data for Name: exp_history_operations; Type: TABLE DATA; Schema: public; Owner: -
--



--
-- Data for Name: exp_history_trades; Type: TABLE DATA; Schema: public; Owner: -
--



--
-- Data for Name: exp_history_transaction_participants; Type: TABLE DATA; Schema: public; Owner: -
--



--
-- Data for Name: exp_history_transactions; Type: TABLE DATA; Schema: public; Owner: -
--



--
-- Data for Name: gorp_migrations; Type: TABLE DATA; Schema: public; Owner: -
--

INSERT INTO gorp_migrations VALUES ('1_initial_schema.sql', '2020-01-13 15:39:38.037306+01');
INSERT INTO gorp_migrations VALUES ('2_index_participants_by_toid.sql', '2020-01-13 15:39:38.042411+01');
INSERT INTO gorp_migrations VALUES ('3_use_sequence_in_history_accounts.sql', '2020-01-13 15:39:38.046999+01');
INSERT INTO gorp_migrations VALUES ('4_add_protocol_version.sql', '2020-01-13 15:39:38.058107+01');
INSERT INTO gorp_migrations VALUES ('5_create_trades_table.sql', '2020-01-13 15:39:38.068168+01');
INSERT INTO gorp_migrations VALUES ('6_create_assets_table.sql', '2020-01-13 15:39:38.075054+01');
INSERT INTO gorp_migrations VALUES ('7_modify_trades_table.sql', '2020-01-13 15:39:38.085094+01');
INSERT INTO gorp_migrations VALUES ('8_add_aggregators.sql', '2020-01-13 15:39:38.088733+01');
INSERT INTO gorp_migrations VALUES ('8_create_asset_stats_table.sql', '2020-01-13 15:39:38.094012+01');
INSERT INTO gorp_migrations VALUES ('9_add_header_xdr.sql', '2020-01-13 15:39:38.097279+01');
INSERT INTO gorp_migrations VALUES ('10_add_trades_price.sql', '2020-01-13 15:39:38.10058+01');
INSERT INTO gorp_migrations VALUES ('11_add_trades_account_index.sql', '2020-01-13 15:39:38.104504+01');
INSERT INTO gorp_migrations VALUES ('12_asset_stats_amount_string.sql', '2020-01-13 15:39:38.112228+01');
INSERT INTO gorp_migrations VALUES ('13_trade_offer_ids.sql', '2020-01-13 15:39:38.118139+01');
INSERT INTO gorp_migrations VALUES ('14_fix_asset_toml_field.sql', '2020-01-13 15:39:38.119717+01');
INSERT INTO gorp_migrations VALUES ('15_ledger_failed_txs.sql', '2020-01-13 15:39:38.121625+01');
INSERT INTO gorp_migrations VALUES ('16_ingest_failed_transactions.sql', '2020-01-13 15:39:38.12303+01');
INSERT INTO gorp_migrations VALUES ('17_transaction_fee_paid.sql', '2020-01-13 15:39:38.124727+01');
INSERT INTO gorp_migrations VALUES ('18_account_for_signers.sql', '2020-01-13 15:39:38.129848+01');
INSERT INTO gorp_migrations VALUES ('19_offers.sql', '2020-01-13 15:39:38.139571+01');
INSERT INTO gorp_migrations VALUES ('20_account_for_signer_index.sql', '2020-01-13 15:39:38.142427+01');
INSERT INTO gorp_migrations VALUES ('21_trades_remove_zero_amount_constraints.sql', '2020-01-13 15:39:38.1456+01');
INSERT INTO gorp_migrations VALUES ('22_trust_lines.sql', '2020-01-13 15:39:38.153833+01');
INSERT INTO gorp_migrations VALUES ('23_exp_asset_stats.sql', '2020-01-13 15:39:38.161079+01');
INSERT INTO gorp_migrations VALUES ('24_accounts.sql', '2020-01-13 15:39:38.170339+01');
INSERT INTO gorp_migrations VALUES ('25_expingest_rename_columns.sql', '2020-01-13 15:39:38.172813+01');
INSERT INTO gorp_migrations VALUES ('26_exp_history_ledgers.sql', '2020-01-13 15:39:38.181068+01');
INSERT INTO gorp_migrations VALUES ('27_exp_history_transactions.sql', '2020-01-13 15:39:38.198298+01');
INSERT INTO gorp_migrations VALUES ('28_exp_history_operations.sql', '2020-01-13 15:39:38.210217+01');
INSERT INTO gorp_migrations VALUES ('29_exp_history_assets.sql', '2020-01-13 15:39:38.217094+01');
INSERT INTO gorp_migrations VALUES ('30_exp_history_trades.sql', '2020-01-13 15:39:38.233356+01');
INSERT INTO gorp_migrations VALUES ('31_exp_history_effects.sql', '2020-01-13 15:39:38.241897+01');


--
-- Data for Name: history_accounts; Type: TABLE DATA; Schema: public; Owner: -
--

INSERT INTO history_accounts VALUES (1, 'GBXGQJWVLWOYHFLVTKWV5FGHA3LNYY2JQKM7OAJAUEQFU6LPCSEFVXON');
INSERT INTO history_accounts VALUES (2, 'GCXKG6RN4ONIEPCMNFB732A436Z5PNDSRLGWK7GBLCMQLIFO4S7EYWVU');
INSERT INTO history_accounts VALUES (3, 'GA5WBPYA5Y4WAEHXWR2UKO2UO4BUGHUQ74EUPKON2QHV4WRHOIRNKKH2');
INSERT INTO history_accounts VALUES (4, 'GC23QF2HUE52AMXUFUH3AYJAXXGXXV2VHXYYR6EYXETPKDXZSAW67XO4');
INSERT INTO history_accounts VALUES (5, 'GCQPYGH4K57XBDENKKX55KDTWOTK5WDWRQOH2LHEDX3EKVIQRLMESGBG');
INSERT INTO history_accounts VALUES (6, 'GBRPYHIL2CI3FNQ4BXLFMNDLFJUNPU2HY3ZMFSHONUCEOASW7QC7OX2H');


--
-- Name: history_accounts_id_seq; Type: SEQUENCE SET; Schema: public; Owner: -
--

SELECT pg_catalog.setval('history_accounts_id_seq', 6, true);


--
-- Data for Name: history_assets; Type: TABLE DATA; Schema: public; Owner: -
--

INSERT INTO history_assets VALUES (1, 'credit_alphanum4', 'EUR', 'GCQPYGH4K57XBDENKKX55KDTWOTK5WDWRQOH2LHEDX3EKVIQRLMESGBG');
INSERT INTO history_assets VALUES (2, 'credit_alphanum4', 'USD', 'GC23QF2HUE52AMXUFUH3AYJAXXGXXV2VHXYYR6EYXETPKDXZSAW67XO4');
INSERT INTO history_assets VALUES (3, 'native', '', '');


--
-- Name: history_assets_id_seq; Type: SEQUENCE SET; Schema: public; Owner: -
--

SELECT pg_catalog.setval('history_assets_id_seq', 3, true);


--
-- Data for Name: history_effects; Type: TABLE DATA; Schema: public; Owner: -
--

INSERT INTO history_effects VALUES (3, 25769807873, 1, 2, '{"amount": "13.0000000", "asset_code": "EUR", "asset_type": "credit_alphanum4", "asset_issuer": "GCQPYGH4K57XBDENKKX55KDTWOTK5WDWRQOH2LHEDX3EKVIQRLMESGBG"}');
INSERT INTO history_effects VALUES (2, 25769807873, 2, 3, '{"amount": "10.0000000", "asset_code": "USD", "asset_type": "credit_alphanum4", "asset_issuer": "GC23QF2HUE52AMXUFUH3AYJAXXGXXV2VHXYYR6EYXETPKDXZSAW67XO4"}');
INSERT INTO history_effects VALUES (2, 25769807873, 3, 33, '{"seller": "GBXGQJWVLWOYHFLVTKWV5FGHA3LNYY2JQKM7OAJAUEQFU6LPCSEFVXON", "offer_id": 3, "sold_amount": "10.0000000", "bought_amount": "13.0000000", "sold_asset_code": "USD", "sold_asset_type": "credit_alphanum4", "bought_asset_code": "EUR", "bought_asset_type": "credit_alphanum4", "sold_asset_issuer": "GC23QF2HUE52AMXUFUH3AYJAXXGXXV2VHXYYR6EYXETPKDXZSAW67XO4", "bought_asset_issuer": "GCQPYGH4K57XBDENKKX55KDTWOTK5WDWRQOH2LHEDX3EKVIQRLMESGBG"}');
INSERT INTO history_effects VALUES (1, 25769807873, 4, 33, '{"seller": "GCXKG6RN4ONIEPCMNFB732A436Z5PNDSRLGWK7GBLCMQLIFO4S7EYWVU", "offer_id": 3, "sold_amount": "13.0000000", "bought_amount": "10.0000000", "sold_asset_code": "EUR", "sold_asset_type": "credit_alphanum4", "bought_asset_code": "USD", "bought_asset_type": "credit_alphanum4", "sold_asset_issuer": "GCQPYGH4K57XBDENKKX55KDTWOTK5WDWRQOH2LHEDX3EKVIQRLMESGBG", "bought_asset_issuer": "GC23QF2HUE52AMXUFUH3AYJAXXGXXV2VHXYYR6EYXETPKDXZSAW67XO4"}');
INSERT INTO history_effects VALUES (3, 25769811969, 1, 2, '{"amount": "15.8400000", "asset_code": "EUR", "asset_type": "credit_alphanum4", "asset_issuer": "GCQPYGH4K57XBDENKKX55KDTWOTK5WDWRQOH2LHEDX3EKVIQRLMESGBG"}');
INSERT INTO history_effects VALUES (2, 25769811969, 2, 3, '{"amount": "12.0000000", "asset_code": "USD", "asset_type": "credit_alphanum4", "asset_issuer": "GC23QF2HUE52AMXUFUH3AYJAXXGXXV2VHXYYR6EYXETPKDXZSAW67XO4"}');
INSERT INTO history_effects VALUES (2, 25769811969, 3, 33, '{"seller": "GBXGQJWVLWOYHFLVTKWV5FGHA3LNYY2JQKM7OAJAUEQFU6LPCSEFVXON", "offer_id": 1, "sold_amount": "12.0000000", "bought_amount": "13.2000000", "sold_asset_code": "USD", "sold_asset_type": "credit_alphanum4", "bought_asset_type": "native", "sold_asset_issuer": "GC23QF2HUE52AMXUFUH3AYJAXXGXXV2VHXYYR6EYXETPKDXZSAW67XO4"}');
INSERT INTO history_effects VALUES (1, 25769811969, 4, 33, '{"seller": "GCXKG6RN4ONIEPCMNFB732A436Z5PNDSRLGWK7GBLCMQLIFO4S7EYWVU", "offer_id": 1, "sold_amount": "13.2000000", "bought_amount": "12.0000000", "sold_asset_type": "native", "bought_asset_code": "USD", "bought_asset_type": "credit_alphanum4", "bought_asset_issuer": "GC23QF2HUE52AMXUFUH3AYJAXXGXXV2VHXYYR6EYXETPKDXZSAW67XO4"}');
INSERT INTO history_effects VALUES (2, 25769811969, 5, 33, '{"seller": "GBXGQJWVLWOYHFLVTKWV5FGHA3LNYY2JQKM7OAJAUEQFU6LPCSEFVXON", "offer_id": 2, "sold_amount": "13.2000000", "bought_amount": "15.8400000", "sold_asset_type": "native", "bought_asset_code": "EUR", "bought_asset_type": "credit_alphanum4", "bought_asset_issuer": "GCQPYGH4K57XBDENKKX55KDTWOTK5WDWRQOH2LHEDX3EKVIQRLMESGBG"}');
INSERT INTO history_effects VALUES (1, 25769811969, 6, 33, '{"seller": "GCXKG6RN4ONIEPCMNFB732A436Z5PNDSRLGWK7GBLCMQLIFO4S7EYWVU", "offer_id": 2, "sold_amount": "15.8400000", "bought_amount": "13.2000000", "sold_asset_code": "EUR", "sold_asset_type": "credit_alphanum4", "bought_asset_type": "native", "sold_asset_issuer": "GCQPYGH4K57XBDENKKX55KDTWOTK5WDWRQOH2LHEDX3EKVIQRLMESGBG"}');
INSERT INTO history_effects VALUES (1, 17179873281, 1, 2, '{"amount": "100.0000000", "asset_code": "USD", "asset_type": "credit_alphanum4", "asset_issuer": "GC23QF2HUE52AMXUFUH3AYJAXXGXXV2VHXYYR6EYXETPKDXZSAW67XO4"}');
INSERT INTO history_effects VALUES (4, 17179873281, 2, 3, '{"amount": "100.0000000", "asset_code": "USD", "asset_type": "credit_alphanum4", "asset_issuer": "GC23QF2HUE52AMXUFUH3AYJAXXGXXV2VHXYYR6EYXETPKDXZSAW67XO4"}');
INSERT INTO history_effects VALUES (1, 17179877377, 1, 2, '{"amount": "100.0000000", "asset_code": "EUR", "asset_type": "credit_alphanum4", "asset_issuer": "GCQPYGH4K57XBDENKKX55KDTWOTK5WDWRQOH2LHEDX3EKVIQRLMESGBG"}');
INSERT INTO history_effects VALUES (5, 17179877377, 2, 3, '{"amount": "100.0000000", "asset_code": "EUR", "asset_type": "credit_alphanum4", "asset_issuer": "GCQPYGH4K57XBDENKKX55KDTWOTK5WDWRQOH2LHEDX3EKVIQRLMESGBG"}');
INSERT INTO history_effects VALUES (3, 17179881473, 1, 2, '{"amount": "100.0000000", "asset_code": "EUR", "asset_type": "credit_alphanum4", "asset_issuer": "GCQPYGH4K57XBDENKKX55KDTWOTK5WDWRQOH2LHEDX3EKVIQRLMESGBG"}');
INSERT INTO history_effects VALUES (5, 17179881473, 2, 3, '{"amount": "100.0000000", "asset_code": "EUR", "asset_type": "credit_alphanum4", "asset_issuer": "GCQPYGH4K57XBDENKKX55KDTWOTK5WDWRQOH2LHEDX3EKVIQRLMESGBG"}');
INSERT INTO history_effects VALUES (2, 17179885569, 1, 2, '{"amount": "100.0000000", "asset_code": "USD", "asset_type": "credit_alphanum4", "asset_issuer": "GC23QF2HUE52AMXUFUH3AYJAXXGXXV2VHXYYR6EYXETPKDXZSAW67XO4"}');
INSERT INTO history_effects VALUES (4, 17179885569, 2, 3, '{"amount": "100.0000000", "asset_code": "USD", "asset_type": "credit_alphanum4", "asset_issuer": "GC23QF2HUE52AMXUFUH3AYJAXXGXXV2VHXYYR6EYXETPKDXZSAW67XO4"}');
INSERT INTO history_effects VALUES (2, 12884905985, 1, 20, '{"limit": "922337203685.4775807", "asset_code": "USD", "asset_type": "credit_alphanum4", "asset_issuer": "GC23QF2HUE52AMXUFUH3AYJAXXGXXV2VHXYYR6EYXETPKDXZSAW67XO4"}');
INSERT INTO history_effects VALUES (1, 12884910081, 1, 20, '{"limit": "922337203685.4775807", "asset_code": "USD", "asset_type": "credit_alphanum4", "asset_issuer": "GC23QF2HUE52AMXUFUH3AYJAXXGXXV2VHXYYR6EYXETPKDXZSAW67XO4"}');
INSERT INTO history_effects VALUES (3, 12884914177, 1, 20, '{"limit": "922337203685.4775807", "asset_code": "EUR", "asset_type": "credit_alphanum4", "asset_issuer": "GCQPYGH4K57XBDENKKX55KDTWOTK5WDWRQOH2LHEDX3EKVIQRLMESGBG"}');
INSERT INTO history_effects VALUES (1, 12884918273, 1, 20, '{"limit": "922337203685.4775807", "asset_code": "EUR", "asset_type": "credit_alphanum4", "asset_issuer": "GCQPYGH4K57XBDENKKX55KDTWOTK5WDWRQOH2LHEDX3EKVIQRLMESGBG"}');
INSERT INTO history_effects VALUES (4, 8589938689, 1, 0, '{"starting_balance": "100.0000000"}');
INSERT INTO history_effects VALUES (6, 8589938689, 2, 3, '{"amount": "100.0000000", "asset_type": "native"}');
INSERT INTO history_effects VALUES (4, 8589938689, 3, 10, '{"weight": 1, "public_key": "GC23QF2HUE52AMXUFUH3AYJAXXGXXV2VHXYYR6EYXETPKDXZSAW67XO4"}');
INSERT INTO history_effects VALUES (5, 8589942785, 1, 0, '{"starting_balance": "100.0000000"}');
INSERT INTO history_effects VALUES (6, 8589942785, 2, 3, '{"amount": "100.0000000", "asset_type": "native"}');
INSERT INTO history_effects VALUES (5, 8589942785, 3, 10, '{"weight": 1, "public_key": "GCQPYGH4K57XBDENKKX55KDTWOTK5WDWRQOH2LHEDX3EKVIQRLMESGBG"}');
INSERT INTO history_effects VALUES (1, 8589946881, 1, 0, '{"starting_balance": "100.0000000"}');
INSERT INTO history_effects VALUES (6, 8589946881, 2, 3, '{"amount": "100.0000000", "asset_type": "native"}');
INSERT INTO history_effects VALUES (1, 8589946881, 3, 10, '{"weight": 1, "public_key": "GBXGQJWVLWOYHFLVTKWV5FGHA3LNYY2JQKM7OAJAUEQFU6LPCSEFVXON"}');
INSERT INTO history_effects VALUES (3, 8589950977, 1, 0, '{"starting_balance": "100.0000000"}');
INSERT INTO history_effects VALUES (6, 8589950977, 2, 3, '{"amount": "100.0000000", "asset_type": "native"}');
INSERT INTO history_effects VALUES (3, 8589950977, 3, 10, '{"weight": 1, "public_key": "GA5WBPYA5Y4WAEHXWR2UKO2UO4BUGHUQ74EUPKON2QHV4WRHOIRNKKH2"}');
INSERT INTO history_effects VALUES (2, 8589955073, 1, 0, '{"starting_balance": "100.0000000"}');
INSERT INTO history_effects VALUES (6, 8589955073, 2, 3, '{"amount": "100.0000000", "asset_type": "native"}');
INSERT INTO history_effects VALUES (2, 8589955073, 3, 10, '{"weight": 1, "public_key": "GCXKG6RN4ONIEPCMNFB732A436Z5PNDSRLGWK7GBLCMQLIFO4S7EYWVU"}');


--
-- Data for Name: history_ledgers; Type: TABLE DATA; Schema: public; Owner: -
--

INSERT INTO history_ledgers VALUES (6, 'bf12a3d0d01450636d7113c22698662c2c7b021bbe5d453877379d11bf9315e7', '995a29930dfae91e88bd54dde50a6df98daeb53115ecf6a270d27d12e31663f7', 2, 2, '2020-01-13 14:39:39', '2020-01-13 14:39:38.506595', '2020-01-13 14:39:38.506595', 25769803776, 16, 1000000000000000000, 1900, 100, 100000000, 1000000, 12, 'AAAADJlaKZMN+ukeiL1U3eUKbfmNrrUxFez2onDSfRLjFmP3Xj2FQh/4yz+AjF9QFTSr0RvU7cweHD1NZ4gFhjR2Lt4AAAAAXhyBKwAAAAAAAAAAeAVLzxvwzAkwUB36uyuX61OBzxZJsiQl/YRoHG7lYK2hrbwzP799YvfKmd/Om14fc29PeKnUYAh9L9UBS4tHKQAAAAYN4Lazp2QAAAAAAAAAAAdsAAAAAAAAAAAAAAADAAAAZAX14QAAD0JAAAAAAAAAAAAAAAAAAAAAAAAAAAAAAAAAAAAAAAAAAAAAAAAAAAAAAAAAAAAAAAAAAAAAAAAAAAAAAAAAAAAAAAAAAAAAAAAAAAAAAAAAAAAAAAAAAAAAAAAAAAAAAAAAAAAAAAAAAAAAAAAAAAAAAAAAAAAAAAAAAAAAAAAAAAAAAAAA', 2, 1);
INSERT INTO history_ledgers VALUES (5, '995a29930dfae91e88bd54dde50a6df98daeb53115ecf6a270d27d12e31663f7', '35cca71b039fabfd409b7cd153e58c53abf2d8b6b59b065c6805ff0e94870cd4', 3, 3, '2020-01-13 14:39:38', '2020-01-13 14:39:38.5482', '2020-01-13 14:39:38.5482', 21474836480, 16, 1000000000000000000, 1600, 100, 100000000, 1000000, 12, 'AAAADDXMpxsDn6v9QJt80VPljFOr8ti2tZsGXGgF/w6UhwzUgDBjTDoPm1N2Fupn/hMIVTq8cvu8mJVD+1szBuHpy2oAAAAAXhyBKgAAAAAAAAAAliNGcBHBZ7FQDpA0n+37lxddf7Ir5kZ1Q7qncRnxzWkLKbKTDc2aiwWCngCABoLG7gcns6tce7E8dkEvbziJZAAAAAUN4Lazp2QAAAAAAAAAAAZAAAAAAAAAAAAAAAADAAAAZAX14QAAD0JAAAAAAAAAAAAAAAAAAAAAAAAAAAAAAAAAAAAAAAAAAAAAAAAAAAAAAAAAAAAAAAAAAAAAAAAAAAAAAAAAAAAAAAAAAAAAAAAAAAAAAAAAAAAAAAAAAAAAAAAAAAAAAAAAAAAAAAAAAAAAAAAAAAAAAAAAAAAAAAAAAAAAAAAAAAAAAAAA', 3, 0);
INSERT INTO history_ledgers VALUES (4, '35cca71b039fabfd409b7cd153e58c53abf2d8b6b59b065c6805ff0e94870cd4', '123a76dd11301d2fd3e8641d3c317b3b0eb28a544529b80095092574ce7f14da', 4, 4, '2020-01-13 14:39:37', '2020-01-13 14:39:38.564417', '2020-01-13 14:39:38.564417', 17179869184, 16, 1000000000000000000, 1300, 100, 100000000, 1000000, 12, 'AAAADBI6dt0RMB0v0+hkHTwxezsOsopURSm4AJUJJXTOfxTalJB5WeakcS5fq6Hfo4wVAgt9rOXP4sKrwSeUoVuaJNYAAAAAXhyBKQAAAAAAAAAAvUbxMcRg/Jhk2rqnB6+wNaQlcAG94mxl7Kg7RoxZZU8aglZfYtmDmC+6oADly8483+2VmtfE3a0SS9HHJ4iiVgAAAAQN4Lazp2QAAAAAAAAAAAUUAAAAAAAAAAAAAAAAAAAAZAX14QAAD0JAAAAAAAAAAAAAAAAAAAAAAAAAAAAAAAAAAAAAAAAAAAAAAAAAAAAAAAAAAAAAAAAAAAAAAAAAAAAAAAAAAAAAAAAAAAAAAAAAAAAAAAAAAAAAAAAAAAAAAAAAAAAAAAAAAAAAAAAAAAAAAAAAAAAAAAAAAAAAAAAAAAAAAAAAAAAAAAAA', 4, 0);
INSERT INTO history_ledgers VALUES (3, '123a76dd11301d2fd3e8641d3c317b3b0eb28a544529b80095092574ce7f14da', 'e10cf763a2fe0ac5caea24f23f25da5cf0cd33dcc85882a2447aef1075bfe8a8', 4, 4, '2020-01-13 14:39:36', '2020-01-13 14:39:38.578791', '2020-01-13 14:39:38.578792', 12884901888, 16, 1000000000000000000, 900, 100, 100000000, 1000000, 12, 'AAAADOEM92Oi/grFyuok8j8l2lzwzTPcyFiCokR67xB1v+ioIyYPRBGYfg9ZmDpM6NUws0GdbH96QOeKzLrOCyz5Zu4AAAAAXhyBKAAAAAIAAAAIAAAAAQAAAAwAAAAIAAAAAwAPQkAAAAAAOP/Mj1g0/IcWDTiLYOE6vJfcxovUq+ntgN73jkZkZvfv/ouvKrv480RTLnMDFHRWMuw+K2/FiTMBDgzn+VjH+gAAAAMN4Lazp2QAAAAAAAAAAAOEAAAAAAAAAAAAAAAAAAAAZAX14QAAD0JAAAAAAAAAAAAAAAAAAAAAAAAAAAAAAAAAAAAAAAAAAAAAAAAAAAAAAAAAAAAAAAAAAAAAAAAAAAAAAAAAAAAAAAAAAAAAAAAAAAAAAAAAAAAAAAAAAAAAAAAAAAAAAAAAAAAAAAAAAAAAAAAAAAAAAAAAAAAAAAAAAAAAAAAAAAAAAAAA', 4, 0);
INSERT INTO history_ledgers VALUES (2, 'e10cf763a2fe0ac5caea24f23f25da5cf0cd33dcc85882a2447aef1075bfe8a8', '63d98f536ee68d1b27b5b89f23af5311b7569a24faf1403ad0b52b633b07be99', 5, 5, '2020-01-13 14:39:35', '2020-01-13 14:39:38.591917', '2020-01-13 14:39:38.591917', 8589934592, 16, 1000000000000000000, 500, 100, 100000000, 100, 0, 'AAAAAGPZj1Nu5o0bJ7W4nyOvUxG3Vpok+vFAOtC1K2M7B76ZhnfbEDpHPYd45nQcT7XkfIMwSX9gFD9+fWat716QIWcAAAAAXhyBJwAAAAAAAAAAQ9m8LSG8b5W0buxEtqstVQz7IV/HrDmGEtdA4mCEDXwp2gko2aYOjyG9WNl6CAHoM51KxJFK9g0oOuL3ks8iXgAAAAIN4Lazp2QAAAAAAAAAAAH0AAAAAAAAAAAAAAAAAAAAZAX14QAAAABkAAAAAAAAAAAAAAAAAAAAAAAAAAAAAAAAAAAAAAAAAAAAAAAAAAAAAAAAAAAAAAAAAAAAAAAAAAAAAAAAAAAAAAAAAAAAAAAAAAAAAAAAAAAAAAAAAAAAAAAAAAAAAAAAAAAAAAAAAAAAAAAAAAAAAAAAAAAAAAAAAAAAAAAAAAAAAAAA', 5, 0);
INSERT INTO history_ledgers VALUES (1, '63d98f536ee68d1b27b5b89f23af5311b7569a24faf1403ad0b52b633b07be99', NULL, 0, 0, '1970-01-01 00:00:00', '2020-01-13 14:39:38.607945', '2020-01-13 14:39:38.607945', 4294967296, 16, 1000000000000000000, 0, 100, 100000000, 100, 0, 'AAAAAAAAAAAAAAAAAAAAAAAAAAAAAAAAAAAAAAAAAAAAAAAAAAAAAAAAAAAAAAAAAAAAAAAAAAAAAAAAAAAAAAAAAAAAAAAAAAAAAAAAAAAAAAAAAAAAAAAAAAAAAAAAAAAAAAAAAAAAAAAAAAAAAAAAAABXKi4y/ySKB7DnD9H20xjB+s0gtswIwz1XdSWYaBJaFgAAAAEN4Lazp2QAAAAAAAAAAAAAAAAAAAAAAAAAAAAAAAAAZAX14QAAAABkAAAAAAAAAAAAAAAAAAAAAAAAAAAAAAAAAAAAAAAAAAAAAAAAAAAAAAAAAAAAAAAAAAAAAAAAAAAAAAAAAAAAAAAAAAAAAAAAAAAAAAAAAAAAAAAAAAAAAAAAAAAAAAAAAAAAAAAAAAAAAAAAAAAAAAAAAAAAAAAAAAAAAAAAAAAAAAAA', 0, 0);


--
-- Data for Name: history_operation_participants; Type: TABLE DATA; Schema: public; Owner: -
--

INSERT INTO history_operation_participants VALUES (1, 25769807873, 2);
INSERT INTO history_operation_participants VALUES (2, 25769807873, 3);
INSERT INTO history_operation_participants VALUES (3, 25769811969, 2);
INSERT INTO history_operation_participants VALUES (4, 25769811969, 3);
INSERT INTO history_operation_participants VALUES (5, 25769816065, 2);
INSERT INTO history_operation_participants VALUES (6, 25769816065, 3);
INSERT INTO history_operation_participants VALUES (7, 21474840577, 1);
INSERT INTO history_operation_participants VALUES (8, 21474844673, 1);
INSERT INTO history_operation_participants VALUES (9, 21474848769, 1);
INSERT INTO history_operation_participants VALUES (10, 17179873281, 1);
INSERT INTO history_operation_participants VALUES (11, 17179873281, 4);
INSERT INTO history_operation_participants VALUES (12, 17179877377, 5);
INSERT INTO history_operation_participants VALUES (13, 17179877377, 1);
INSERT INTO history_operation_participants VALUES (14, 17179881473, 3);
INSERT INTO history_operation_participants VALUES (15, 17179881473, 5);
INSERT INTO history_operation_participants VALUES (16, 17179885569, 2);
INSERT INTO history_operation_participants VALUES (17, 17179885569, 4);
INSERT INTO history_operation_participants VALUES (18, 12884905985, 2);
INSERT INTO history_operation_participants VALUES (19, 12884910081, 1);
INSERT INTO history_operation_participants VALUES (20, 12884914177, 3);
INSERT INTO history_operation_participants VALUES (21, 12884918273, 1);
INSERT INTO history_operation_participants VALUES (22, 8589938689, 6);
INSERT INTO history_operation_participants VALUES (23, 8589938689, 4);
INSERT INTO history_operation_participants VALUES (24, 8589942785, 6);
INSERT INTO history_operation_participants VALUES (25, 8589942785, 5);
INSERT INTO history_operation_participants VALUES (26, 8589946881, 6);
INSERT INTO history_operation_participants VALUES (27, 8589946881, 1);
INSERT INTO history_operation_participants VALUES (28, 8589950977, 6);
INSERT INTO history_operation_participants VALUES (29, 8589950977, 3);
INSERT INTO history_operation_participants VALUES (30, 8589955073, 6);
INSERT INTO history_operation_participants VALUES (31, 8589955073, 2);


--
-- Name: history_operation_participants_id_seq; Type: SEQUENCE SET; Schema: public; Owner: -
--

SELECT pg_catalog.setval('history_operation_participants_id_seq', 31, true);


--
-- Data for Name: history_operations; Type: TABLE DATA; Schema: public; Owner: -
--

INSERT INTO history_operations VALUES (25769807873, 25769807872, 1, 13, '{"to": "GA5WBPYA5Y4WAEHXWR2UKO2UO4BUGHUQ74EUPKON2QHV4WRHOIRNKKH2", "from": "GCXKG6RN4ONIEPCMNFB732A436Z5PNDSRLGWK7GBLCMQLIFO4S7EYWVU", "path": [], "amount": "13.0000000", "asset_code": "EUR", "asset_type": "credit_alphanum4", "asset_issuer": "GCQPYGH4K57XBDENKKX55KDTWOTK5WDWRQOH2LHEDX3EKVIQRLMESGBG", "source_amount": "10.0000000", "destination_min": "1.0000000", "source_asset_code": "USD", "source_asset_type": "credit_alphanum4", "source_asset_issuer": "GC23QF2HUE52AMXUFUH3AYJAXXGXXV2VHXYYR6EYXETPKDXZSAW67XO4"}', 'GCXKG6RN4ONIEPCMNFB732A436Z5PNDSRLGWK7GBLCMQLIFO4S7EYWVU');
INSERT INTO history_operations VALUES (25769811969, 25769811968, 1, 13, '{"to": "GA5WBPYA5Y4WAEHXWR2UKO2UO4BUGHUQ74EUPKON2QHV4WRHOIRNKKH2", "from": "GCXKG6RN4ONIEPCMNFB732A436Z5PNDSRLGWK7GBLCMQLIFO4S7EYWVU", "path": [{"asset_type": "native"}], "amount": "15.8400000", "asset_code": "EUR", "asset_type": "credit_alphanum4", "asset_issuer": "GCQPYGH4K57XBDENKKX55KDTWOTK5WDWRQOH2LHEDX3EKVIQRLMESGBG", "source_amount": "12.0000000", "destination_min": "2.0000000", "source_asset_code": "USD", "source_asset_type": "credit_alphanum4", "source_asset_issuer": "GC23QF2HUE52AMXUFUH3AYJAXXGXXV2VHXYYR6EYXETPKDXZSAW67XO4"}', 'GCXKG6RN4ONIEPCMNFB732A436Z5PNDSRLGWK7GBLCMQLIFO4S7EYWVU');
INSERT INTO history_operations VALUES (25769816065, 25769816064, 1, 13, '{"to": "GA5WBPYA5Y4WAEHXWR2UKO2UO4BUGHUQ74EUPKON2QHV4WRHOIRNKKH2", "from": "GCXKG6RN4ONIEPCMNFB732A436Z5PNDSRLGWK7GBLCMQLIFO4S7EYWVU", "path": [], "amount": "0.0000000", "asset_code": "EUR", "asset_type": "credit_alphanum4", "asset_issuer": "GCQPYGH4K57XBDENKKX55KDTWOTK5WDWRQOH2LHEDX3EKVIQRLMESGBG", "source_amount": "13.0000000", "destination_min": "100.0000000", "source_asset_code": "USD", "source_asset_type": "credit_alphanum4", "source_asset_issuer": "GC23QF2HUE52AMXUFUH3AYJAXXGXXV2VHXYYR6EYXETPKDXZSAW67XO4"}', 'GCXKG6RN4ONIEPCMNFB732A436Z5PNDSRLGWK7GBLCMQLIFO4S7EYWVU');
INSERT INTO history_operations VALUES (21474840577, 21474840576, 1, 3, '{"price": "0.9090909", "amount": "22.0000000", "price_r": {"d": 11, "n": 10}, "offer_id": 0, "buying_asset_code": "USD", "buying_asset_type": "credit_alphanum4", "selling_asset_type": "native", "buying_asset_issuer": "GC23QF2HUE52AMXUFUH3AYJAXXGXXV2VHXYYR6EYXETPKDXZSAW67XO4"}', 'GBXGQJWVLWOYHFLVTKWV5FGHA3LNYY2JQKM7OAJAUEQFU6LPCSEFVXON');
INSERT INTO history_operations VALUES (21474844673, 21474844672, 1, 3, '{"price": "0.8333333", "amount": "24.0000000", "price_r": {"d": 6, "n": 5}, "offer_id": 0, "buying_asset_type": "native", "selling_asset_code": "EUR", "selling_asset_type": "credit_alphanum4", "selling_asset_issuer": "GCQPYGH4K57XBDENKKX55KDTWOTK5WDWRQOH2LHEDX3EKVIQRLMESGBG"}', 'GBXGQJWVLWOYHFLVTKWV5FGHA3LNYY2JQKM7OAJAUEQFU6LPCSEFVXON');
INSERT INTO history_operations VALUES (21474848769, 21474848768, 1, 3, '{"price": "0.7692308", "amount": "26.0000000", "price_r": {"d": 13, "n": 10}, "offer_id": 0, "buying_asset_code": "USD", "buying_asset_type": "credit_alphanum4", "selling_asset_code": "EUR", "selling_asset_type": "credit_alphanum4", "buying_asset_issuer": "GC23QF2HUE52AMXUFUH3AYJAXXGXXV2VHXYYR6EYXETPKDXZSAW67XO4", "selling_asset_issuer": "GCQPYGH4K57XBDENKKX55KDTWOTK5WDWRQOH2LHEDX3EKVIQRLMESGBG"}', 'GBXGQJWVLWOYHFLVTKWV5FGHA3LNYY2JQKM7OAJAUEQFU6LPCSEFVXON');
INSERT INTO history_operations VALUES (17179873281, 17179873280, 1, 1, '{"to": "GBXGQJWVLWOYHFLVTKWV5FGHA3LNYY2JQKM7OAJAUEQFU6LPCSEFVXON", "from": "GC23QF2HUE52AMXUFUH3AYJAXXGXXV2VHXYYR6EYXETPKDXZSAW67XO4", "amount": "100.0000000", "asset_code": "USD", "asset_type": "credit_alphanum4", "asset_issuer": "GC23QF2HUE52AMXUFUH3AYJAXXGXXV2VHXYYR6EYXETPKDXZSAW67XO4"}', 'GC23QF2HUE52AMXUFUH3AYJAXXGXXV2VHXYYR6EYXETPKDXZSAW67XO4');
INSERT INTO history_operations VALUES (17179877377, 17179877376, 1, 1, '{"to": "GBXGQJWVLWOYHFLVTKWV5FGHA3LNYY2JQKM7OAJAUEQFU6LPCSEFVXON", "from": "GCQPYGH4K57XBDENKKX55KDTWOTK5WDWRQOH2LHEDX3EKVIQRLMESGBG", "amount": "100.0000000", "asset_code": "EUR", "asset_type": "credit_alphanum4", "asset_issuer": "GCQPYGH4K57XBDENKKX55KDTWOTK5WDWRQOH2LHEDX3EKVIQRLMESGBG"}', 'GCQPYGH4K57XBDENKKX55KDTWOTK5WDWRQOH2LHEDX3EKVIQRLMESGBG');
INSERT INTO history_operations VALUES (17179881473, 17179881472, 1, 1, '{"to": "GA5WBPYA5Y4WAEHXWR2UKO2UO4BUGHUQ74EUPKON2QHV4WRHOIRNKKH2", "from": "GCQPYGH4K57XBDENKKX55KDTWOTK5WDWRQOH2LHEDX3EKVIQRLMESGBG", "amount": "100.0000000", "asset_code": "EUR", "asset_type": "credit_alphanum4", "asset_issuer": "GCQPYGH4K57XBDENKKX55KDTWOTK5WDWRQOH2LHEDX3EKVIQRLMESGBG"}', 'GCQPYGH4K57XBDENKKX55KDTWOTK5WDWRQOH2LHEDX3EKVIQRLMESGBG');
INSERT INTO history_operations VALUES (17179885569, 17179885568, 1, 1, '{"to": "GCXKG6RN4ONIEPCMNFB732A436Z5PNDSRLGWK7GBLCMQLIFO4S7EYWVU", "from": "GC23QF2HUE52AMXUFUH3AYJAXXGXXV2VHXYYR6EYXETPKDXZSAW67XO4", "amount": "100.0000000", "asset_code": "USD", "asset_type": "credit_alphanum4", "asset_issuer": "GC23QF2HUE52AMXUFUH3AYJAXXGXXV2VHXYYR6EYXETPKDXZSAW67XO4"}', 'GC23QF2HUE52AMXUFUH3AYJAXXGXXV2VHXYYR6EYXETPKDXZSAW67XO4');
INSERT INTO history_operations VALUES (12884905985, 12884905984, 1, 6, '{"limit": "922337203685.4775807", "trustee": "GC23QF2HUE52AMXUFUH3AYJAXXGXXV2VHXYYR6EYXETPKDXZSAW67XO4", "trustor": "GCXKG6RN4ONIEPCMNFB732A436Z5PNDSRLGWK7GBLCMQLIFO4S7EYWVU", "asset_code": "USD", "asset_type": "credit_alphanum4", "asset_issuer": "GC23QF2HUE52AMXUFUH3AYJAXXGXXV2VHXYYR6EYXETPKDXZSAW67XO4"}', 'GCXKG6RN4ONIEPCMNFB732A436Z5PNDSRLGWK7GBLCMQLIFO4S7EYWVU');
INSERT INTO history_operations VALUES (12884910081, 12884910080, 1, 6, '{"limit": "922337203685.4775807", "trustee": "GC23QF2HUE52AMXUFUH3AYJAXXGXXV2VHXYYR6EYXETPKDXZSAW67XO4", "trustor": "GBXGQJWVLWOYHFLVTKWV5FGHA3LNYY2JQKM7OAJAUEQFU6LPCSEFVXON", "asset_code": "USD", "asset_type": "credit_alphanum4", "asset_issuer": "GC23QF2HUE52AMXUFUH3AYJAXXGXXV2VHXYYR6EYXETPKDXZSAW67XO4"}', 'GBXGQJWVLWOYHFLVTKWV5FGHA3LNYY2JQKM7OAJAUEQFU6LPCSEFVXON');
INSERT INTO history_operations VALUES (12884914177, 12884914176, 1, 6, '{"limit": "922337203685.4775807", "trustee": "GCQPYGH4K57XBDENKKX55KDTWOTK5WDWRQOH2LHEDX3EKVIQRLMESGBG", "trustor": "GA5WBPYA5Y4WAEHXWR2UKO2UO4BUGHUQ74EUPKON2QHV4WRHOIRNKKH2", "asset_code": "EUR", "asset_type": "credit_alphanum4", "asset_issuer": "GCQPYGH4K57XBDENKKX55KDTWOTK5WDWRQOH2LHEDX3EKVIQRLMESGBG"}', 'GA5WBPYA5Y4WAEHXWR2UKO2UO4BUGHUQ74EUPKON2QHV4WRHOIRNKKH2');
INSERT INTO history_operations VALUES (12884918273, 12884918272, 1, 6, '{"limit": "922337203685.4775807", "trustee": "GCQPYGH4K57XBDENKKX55KDTWOTK5WDWRQOH2LHEDX3EKVIQRLMESGBG", "trustor": "GBXGQJWVLWOYHFLVTKWV5FGHA3LNYY2JQKM7OAJAUEQFU6LPCSEFVXON", "asset_code": "EUR", "asset_type": "credit_alphanum4", "asset_issuer": "GCQPYGH4K57XBDENKKX55KDTWOTK5WDWRQOH2LHEDX3EKVIQRLMESGBG"}', 'GBXGQJWVLWOYHFLVTKWV5FGHA3LNYY2JQKM7OAJAUEQFU6LPCSEFVXON');
INSERT INTO history_operations VALUES (8589938689, 8589938688, 1, 0, '{"funder": "GBRPYHIL2CI3FNQ4BXLFMNDLFJUNPU2HY3ZMFSHONUCEOASW7QC7OX2H", "account": "GC23QF2HUE52AMXUFUH3AYJAXXGXXV2VHXYYR6EYXETPKDXZSAW67XO4", "starting_balance": "100.0000000"}', 'GBRPYHIL2CI3FNQ4BXLFMNDLFJUNPU2HY3ZMFSHONUCEOASW7QC7OX2H');
INSERT INTO history_operations VALUES (8589942785, 8589942784, 1, 0, '{"funder": "GBRPYHIL2CI3FNQ4BXLFMNDLFJUNPU2HY3ZMFSHONUCEOASW7QC7OX2H", "account": "GCQPYGH4K57XBDENKKX55KDTWOTK5WDWRQOH2LHEDX3EKVIQRLMESGBG", "starting_balance": "100.0000000"}', 'GBRPYHIL2CI3FNQ4BXLFMNDLFJUNPU2HY3ZMFSHONUCEOASW7QC7OX2H');
INSERT INTO history_operations VALUES (8589946881, 8589946880, 1, 0, '{"funder": "GBRPYHIL2CI3FNQ4BXLFMNDLFJUNPU2HY3ZMFSHONUCEOASW7QC7OX2H", "account": "GBXGQJWVLWOYHFLVTKWV5FGHA3LNYY2JQKM7OAJAUEQFU6LPCSEFVXON", "starting_balance": "100.0000000"}', 'GBRPYHIL2CI3FNQ4BXLFMNDLFJUNPU2HY3ZMFSHONUCEOASW7QC7OX2H');
INSERT INTO history_operations VALUES (8589950977, 8589950976, 1, 0, '{"funder": "GBRPYHIL2CI3FNQ4BXLFMNDLFJUNPU2HY3ZMFSHONUCEOASW7QC7OX2H", "account": "GA5WBPYA5Y4WAEHXWR2UKO2UO4BUGHUQ74EUPKON2QHV4WRHOIRNKKH2", "starting_balance": "100.0000000"}', 'GBRPYHIL2CI3FNQ4BXLFMNDLFJUNPU2HY3ZMFSHONUCEOASW7QC7OX2H');
INSERT INTO history_operations VALUES (8589955073, 8589955072, 1, 0, '{"funder": "GBRPYHIL2CI3FNQ4BXLFMNDLFJUNPU2HY3ZMFSHONUCEOASW7QC7OX2H", "account": "GCXKG6RN4ONIEPCMNFB732A436Z5PNDSRLGWK7GBLCMQLIFO4S7EYWVU", "starting_balance": "100.0000000"}', 'GBRPYHIL2CI3FNQ4BXLFMNDLFJUNPU2HY3ZMFSHONUCEOASW7QC7OX2H');


--
-- Data for Name: history_trades; Type: TABLE DATA; Schema: public; Owner: -
--

INSERT INTO history_trades VALUES (25769807873, 0, '2020-01-13 14:39:39', 3, 1, 1, 130000000, 2, 2, 100000000, true, 10, 13, 3, 4611686044197195777);
INSERT INTO history_trades VALUES (25769811969, 0, '2020-01-13 14:39:39', 1, 2, 2, 120000000, 1, 3, 132000000, false, 11, 10, 4611686044197199873, 1);
INSERT INTO history_trades VALUES (25769811969, 1, '2020-01-13 14:39:39', 2, 1, 1, 158400000, 2, 3, 132000000, true, 5, 6, 2, 4611686044197199873);


--
-- Data for Name: history_transaction_participants; Type: TABLE DATA; Schema: public; Owner: -
--

INSERT INTO history_transaction_participants VALUES (1, 25769807872, 3);
INSERT INTO history_transaction_participants VALUES (2, 25769807872, 2);
INSERT INTO history_transaction_participants VALUES (3, 25769811968, 2);
INSERT INTO history_transaction_participants VALUES (4, 25769811968, 3);
INSERT INTO history_transaction_participants VALUES (5, 25769816064, 2);
INSERT INTO history_transaction_participants VALUES (6, 25769816064, 3);
INSERT INTO history_transaction_participants VALUES (7, 21474840576, 1);
INSERT INTO history_transaction_participants VALUES (8, 21474844672, 1);
INSERT INTO history_transaction_participants VALUES (9, 21474848768, 1);
INSERT INTO history_transaction_participants VALUES (10, 17179873280, 4);
INSERT INTO history_transaction_participants VALUES (11, 17179873280, 1);
INSERT INTO history_transaction_participants VALUES (12, 17179877376, 1);
INSERT INTO history_transaction_participants VALUES (13, 17179877376, 5);
INSERT INTO history_transaction_participants VALUES (14, 17179881472, 5);
INSERT INTO history_transaction_participants VALUES (15, 17179881472, 3);
INSERT INTO history_transaction_participants VALUES (16, 17179885568, 4);
INSERT INTO history_transaction_participants VALUES (17, 17179885568, 2);
INSERT INTO history_transaction_participants VALUES (18, 12884905984, 2);
INSERT INTO history_transaction_participants VALUES (19, 12884910080, 1);
INSERT INTO history_transaction_participants VALUES (20, 12884914176, 3);
INSERT INTO history_transaction_participants VALUES (21, 12884918272, 1);
INSERT INTO history_transaction_participants VALUES (22, 8589938688, 6);
INSERT INTO history_transaction_participants VALUES (23, 8589938688, 4);
INSERT INTO history_transaction_participants VALUES (24, 8589942784, 6);
INSERT INTO history_transaction_participants VALUES (25, 8589942784, 5);
INSERT INTO history_transaction_participants VALUES (26, 8589946880, 6);
INSERT INTO history_transaction_participants VALUES (27, 8589946880, 1);
INSERT INTO history_transaction_participants VALUES (28, 8589950976, 3);
INSERT INTO history_transaction_participants VALUES (29, 8589950976, 6);
INSERT INTO history_transaction_participants VALUES (30, 8589955072, 6);
INSERT INTO history_transaction_participants VALUES (31, 8589955072, 2);


--
-- Name: history_transaction_participants_id_seq; Type: SEQUENCE SET; Schema: public; Owner: -
--

SELECT pg_catalog.setval('history_transaction_participants_id_seq', 31, true);


--
-- Data for Name: history_transactions; Type: TABLE DATA; Schema: public; Owner: -
--

INSERT INTO history_transactions VALUES ('64ea6dc9090c8d122217c4ac0c3a9274f65043c92a0db6de84572e8d49cd0526', 6, 1, 'GCXKG6RN4ONIEPCMNFB732A436Z5PNDSRLGWK7GBLCMQLIFO4S7EYWVU', 8589934594, 100, 1, '2020-01-13 14:39:38.507043', '2020-01-13 14:39:38.507044', 25769807872, 'AAAAAK6jei3jmoI8TGlD/egc37PXtHKKzWV8wViZBaCu5L5MAAAAZAAAAAIAAAACAAAAAAAAAAAAAAABAAAAAAAAAA0AAAABVVNEAAAAAAC1uBdHoTugMvQtD7BhIL3Ne9dVPfGI+Ji5JvUO+ZAt7wAAAAAF9eEAAAAAADtgvwDuOWAQ97R1RTtUdwNDHpD/CUepzdQPXlonciLVAAAAAUVVUgAAAAAAoPwY/Fd/cIyNUq/eqHOzpq7YdowcfSzkHfZFVRCK2EkAAAAAAJiWgAAAAAAAAAAAAAAAAa7kvkwAAABAyCgzne/w2KOque8fceoVw8XaFyEUyA1QcgmL+SbtTR9iyYbhgboa97DepFD8zTVc0qUwadrOlbx89dTmHIGLBA==', 'AAAAAAAAAGQAAAAAAAAAAQAAAAAAAAANAAAAAAAAAAEAAAAAbmgm1V2dg5V1mq1elMcG1txjSYKZ9wEgoSBaeW8UiFoAAAAAAAAAAwAAAAFFVVIAAAAAAKD8GPxXf3CMjVKv3qhzs6au2HaMHH0s5B32RVUQithJAAAAAAe/pIAAAAABVVNEAAAAAAC1uBdHoTugMvQtD7BhIL3Ne9dVPfGI+Ji5JvUO+ZAt7wAAAAAF9eEAAAAAADtgvwDuOWAQ97R1RTtUdwNDHpD/CUepzdQPXlonciLVAAAAAUVVUgAAAAAAoPwY/Fd/cIyNUq/eqHOzpq7YdowcfSzkHfZFVRCK2EkAAAAAB7+kgAAAAAA=', 'AAAAAQAAAAIAAAADAAAABgAAAAAAAAAArqN6LeOagjxMaUP96Bzfs9e0corNZXzBWJkFoK7kvkwAAAAAO5rIcAAAAAIAAAABAAAAAQAAAAAAAAAAAAAAAAEAAAAAAAAAAAAAAAAAAAAAAAABAAAABgAAAAAAAAAArqN6LeOagjxMaUP96Bzfs9e0corNZXzBWJkFoK7kvkwAAAAAO5rIcAAAAAIAAAACAAAAAQAAAAAAAAAAAAAAAAEAAAAAAAAAAAAAAAAAAAAAAAABAAAACgAAAAMAAAAEAAAAAQAAAACuo3ot45qCPExpQ/3oHN+z17Ryis1lfMFYmQWgruS+TAAAAAFVU0QAAAAAALW4F0ehO6Ay9C0PsGEgvc1711U98Yj4mLkm9Q75kC3vAAAAADuaygB//////////wAAAAEAAAAAAAAAAAAAAAEAAAAGAAAAAQAAAACuo3ot45qCPExpQ/3oHN+z17Ryis1lfMFYmQWgruS+TAAAAAFVU0QAAAAAALW4F0ehO6Ay9C0PsGEgvc1711U98Yj4mLkm9Q75kC3vAAAAADWk6QB//////////wAAAAEAAAAAAAAAAAAAAAMAAAAFAAAAAgAAAABuaCbVXZ2DlXWarV6UxwbW3GNJgpn3ASChIFp5bxSIWgAAAAAAAAADAAAAAUVVUgAAAAAAoPwY/Fd/cIyNUq/eqHOzpq7YdowcfSzkHfZFVRCK2EkAAAABVVNEAAAAAAC1uBdHoTugMvQtD7BhIL3Ne9dVPfGI+Ji5JvUO+ZAt7wAAAAAPf0kAAAAACgAAAA0AAAAAAAAAAAAAAAAAAAABAAAABgAAAAIAAAAAbmgm1V2dg5V1mq1elMcG1txjSYKZ9wEgoSBaeW8UiFoAAAAAAAAAAwAAAAFFVVIAAAAAAKD8GPxXf3CMjVKv3qhzs6au2HaMHH0s5B32RVUQithJAAAAAVVTRAAAAAAAtbgXR6E7oDL0LQ+wYSC9zXvXVT3xiPiYuSb1DvmQLe8AAAAAB7+kgAAAAAoAAAANAAAAAAAAAAAAAAAAAAAAAwAAAAUAAAABAAAAAG5oJtVdnYOVdZqtXpTHBtbcY0mCmfcBIKEgWnlvFIhaAAAAAVVTRAAAAAAAtbgXR6E7oDL0LQ+wYSC9zXvXVT3xiPiYuSb1DvmQLe8AAAAAO5rKAH//////////AAAAAQAAAAEAAAAAF9eEAAAAAAAAAAAAAAAAAAAAAAAAAAABAAAABgAAAAEAAAAAbmgm1V2dg5V1mq1elMcG1txjSYKZ9wEgoSBaeW8UiFoAAAABVVNEAAAAAAC1uBdHoTugMvQtD7BhIL3Ne9dVPfGI+Ji5JvUO+ZAt7wAAAABBkKsAf/////////8AAAABAAAAAQAAAAAR4aMAAAAAAAAAAAAAAAAAAAAAAAAAAAMAAAAFAAAAAQAAAABuaCbVXZ2DlXWarV6UxwbW3GNJgpn3ASChIFp5bxSIWgAAAAFFVVIAAAAAAKD8GPxXf3CMjVKv3qhzs6au2HaMHH0s5B32RVUQithJAAAAADuaygB//////////wAAAAEAAAABAAAAAAAAAAAAAAAAHc1lAAAAAAAAAAAAAAAAAQAAAAYAAAABAAAAAG5oJtVdnYOVdZqtXpTHBtbcY0mCmfcBIKEgWnlvFIhaAAAAAUVVUgAAAAAAoPwY/Fd/cIyNUq/eqHOzpq7YdowcfSzkHfZFVRCK2EkAAAAAM9slgH//////////AAAAAQAAAAEAAAAAAAAAAAAAAAAWDcCAAAAAAAAAAAAAAAADAAAABAAAAAEAAAAAO2C/AO45YBD3tHVFO1R3A0MekP8JR6nN1A9eWidyItUAAAABRVVSAAAAAACg/Bj8V39wjI1Sr96oc7Omrth2jBx9LOQd9kVVEIrYSQAAAAA7msoAf/////////8AAAABAAAAAAAAAAAAAAABAAAABgAAAAEAAAAAO2C/AO45YBD3tHVFO1R3A0MekP8JR6nN1A9eWidyItUAAAABRVVSAAAAAACg/Bj8V39wjI1Sr96oc7Omrth2jBx9LOQd9kVVEIrYSQAAAABDWm6Af/////////8AAAABAAAAAAAAAAA=', 'AAAAAgAAAAMAAAADAAAAAAAAAACuo3ot45qCPExpQ/3oHN+z17Ryis1lfMFYmQWgruS+TAAAAAA7msmcAAAAAgAAAAEAAAABAAAAAAAAAAAAAAAAAQAAAAAAAAAAAAAAAAAAAAAAAAEAAAAGAAAAAAAAAACuo3ot45qCPExpQ/3oHN+z17Ryis1lfMFYmQWgruS+TAAAAAA7msk4AAAAAgAAAAEAAAABAAAAAAAAAAAAAAAAAQAAAAAAAAAAAAAAAAAAAA==', '{yCgzne/w2KOque8fceoVw8XaFyEUyA1QcgmL+SbtTR9iyYbhgboa97DepFD8zTVc0qUwadrOlbx89dTmHIGLBA==}', 'none', NULL, NULL, true, 100);
INSERT INTO history_transactions VALUES ('97e6362a81bc6baad6a22febeea2e36ef3238bc7785d32dfa03b46cd8c8e274b', 6, 2, 'GCXKG6RN4ONIEPCMNFB732A436Z5PNDSRLGWK7GBLCMQLIFO4S7EYWVU', 8589934595, 100, 1, '2020-01-13 14:39:38.51981', '2020-01-13 14:39:38.51981', 25769811968, 'AAAAAK6jei3jmoI8TGlD/egc37PXtHKKzWV8wViZBaCu5L5MAAAAZAAAAAIAAAADAAAAAAAAAAAAAAABAAAAAAAAAA0AAAABVVNEAAAAAAC1uBdHoTugMvQtD7BhIL3Ne9dVPfGI+Ji5JvUO+ZAt7wAAAAAHJw4AAAAAADtgvwDuOWAQ97R1RTtUdwNDHpD/CUepzdQPXlonciLVAAAAAUVVUgAAAAAAoPwY/Fd/cIyNUq/eqHOzpq7YdowcfSzkHfZFVRCK2EkAAAAAATEtAAAAAAEAAAAAAAAAAAAAAAGu5L5MAAAAQH6S7x/QLCpgt/2hZNZhXEpFpaycU6WjeS3zLM1GjefNG7btD4bLCuYyWJxvcbNf768ZPzJXPOdET7YCwh5pAgU=', 'AAAAAAAAAGQAAAAAAAAAAQAAAAAAAAANAAAAAAAAAAIAAAAAbmgm1V2dg5V1mq1elMcG1txjSYKZ9wEgoSBaeW8UiFoAAAAAAAAAAQAAAAAAAAAAB94pAAAAAAFVU0QAAAAAALW4F0ehO6Ay9C0PsGEgvc1711U98Yj4mLkm9Q75kC3vAAAAAAcnDgAAAAAAbmgm1V2dg5V1mq1elMcG1txjSYKZ9wEgoSBaeW8UiFoAAAAAAAAAAgAAAAFFVVIAAAAAAKD8GPxXf3CMjVKv3qhzs6au2HaMHH0s5B32RVUQithJAAAAAAlw/gAAAAAAAAAAAAfeKQAAAAAAO2C/AO45YBD3tHVFO1R3A0MekP8JR6nN1A9eWidyItUAAAABRVVSAAAAAACg/Bj8V39wjI1Sr96oc7Omrth2jBx9LOQd9kVVEIrYSQAAAAAJcP4AAAAAAA==', 'AAAAAQAAAAIAAAADAAAABgAAAAAAAAAArqN6LeOagjxMaUP96Bzfs9e0corNZXzBWJkFoK7kvkwAAAAAO5rIcAAAAAIAAAACAAAAAQAAAAAAAAAAAAAAAAEAAAAAAAAAAAAAAAAAAAAAAAABAAAABgAAAAAAAAAArqN6LeOagjxMaUP96Bzfs9e0corNZXzBWJkFoK7kvkwAAAAAO5rIcAAAAAIAAAADAAAAAQAAAAAAAAAAAAAAAAEAAAAAAAAAAAAAAAAAAAAAAAABAAAADgAAAAMAAAAFAAAAAgAAAABuaCbVXZ2DlXWarV6UxwbW3GNJgpn3ASChIFp5bxSIWgAAAAAAAAABAAAAAAAAAAFVU0QAAAAAALW4F0ehO6Ay9C0PsGEgvc1711U98Yj4mLkm9Q75kC3vAAAAAA0c7wAAAAAKAAAACwAAAAAAAAAAAAAAAAAAAAEAAAAGAAAAAgAAAABuaCbVXZ2DlXWarV6UxwbW3GNJgpn3ASChIFp5bxSIWgAAAAAAAAABAAAAAAAAAAFVU0QAAAAAALW4F0ehO6Ay9C0PsGEgvc1711U98Yj4mLkm9Q75kC3vAAAAAAU+xgAAAAAKAAAACwAAAAAAAAAAAAAAAAAAAAMAAAAGAAAAAQAAAACuo3ot45qCPExpQ/3oHN+z17Ryis1lfMFYmQWgruS+TAAAAAFVU0QAAAAAALW4F0ehO6Ay9C0PsGEgvc1711U98Yj4mLkm9Q75kC3vAAAAADWk6QB//////////wAAAAEAAAAAAAAAAAAAAAEAAAAGAAAAAQAAAACuo3ot45qCPExpQ/3oHN+z17Ryis1lfMFYmQWgruS+TAAAAAFVU0QAAAAAALW4F0ehO6Ay9C0PsGEgvc1711U98Yj4mLkm9Q75kC3vAAAAAC592wB//////////wAAAAEAAAAAAAAAAAAAAAMAAAAFAAAAAgAAAABuaCbVXZ2DlXWarV6UxwbW3GNJgpn3ASChIFp5bxSIWgAAAAAAAAACAAAAAUVVUgAAAAAAoPwY/Fd/cIyNUq/eqHOzpq7YdowcfSzkHfZFVRCK2EkAAAAAAAAAAA5OHAAAAAAFAAAABgAAAAAAAAAAAAAAAAAAAAEAAAAGAAAAAgAAAABuaCbVXZ2DlXWarV6UxwbW3GNJgpn3ASChIFp5bxSIWgAAAAAAAAACAAAAAUVVUgAAAAAAoPwY/Fd/cIyNUq/eqHOzpq7YdowcfSzkHfZFVRCK2EkAAAAAAAAAAATdHgAAAAAFAAAABgAAAAAAAAAAAAAAAAAAAAMAAAAGAAAAAQAAAABuaCbVXZ2DlXWarV6UxwbW3GNJgpn3ASChIFp5bxSIWgAAAAFVU0QAAAAAALW4F0ehO6Ay9C0PsGEgvc1711U98Yj4mLkm9Q75kC3vAAAAAEGQqwB//////////wAAAAEAAAABAAAAABHhowAAAAAAAAAAAAAAAAAAAAAAAAAAAQAAAAYAAAABAAAAAG5oJtVdnYOVdZqtXpTHBtbcY0mCmfcBIKEgWnlvFIhaAAAAAVVTRAAAAAAAtbgXR6E7oDL0LQ+wYSC9zXvXVT3xiPiYuSb1DvmQLe8AAAAASLe5AH//////////AAAAAQAAAAEAAAAACrqVAAAAAAAAAAAAAAAAAAAAAAAAAAADAAAABgAAAAEAAAAAO2C/AO45YBD3tHVFO1R3A0MekP8JR6nN1A9eWidyItUAAAABRVVSAAAAAACg/Bj8V39wjI1Sr96oc7Omrth2jBx9LOQd9kVVEIrYSQAAAABDWm6Af/////////8AAAABAAAAAAAAAAAAAAABAAAABgAAAAEAAAAAO2C/AO45YBD3tHVFO1R3A0MekP8JR6nN1A9eWidyItUAAAABRVVSAAAAAACg/Bj8V39wjI1Sr96oc7Omrth2jBx9LOQd9kVVEIrYSQAAAABMy2yAf/////////8AAAABAAAAAAAAAAAAAAADAAAABQAAAAAAAAAAbmgm1V2dg5V1mq1elMcG1txjSYKZ9wEgoSBaeW8UiFoAAAAAO5rIDAAAAAIAAAAFAAAABQAAAAAAAAAAAAAAAAEAAAAAAAAAAAAAAQAAAAAL68IAAAAAAA0c7wAAAAAAAAAAAAAAAAEAAAAGAAAAAAAAAABuaCbVXZ2DlXWarV6UxwbW3GNJgpn3ASChIFp5bxSIWgAAAAA7msgMAAAAAgAAAAUAAAAFAAAAAAAAAAAAAAAAAQAAAAAAAAAAAAABAAAAAAQNmQAAAAAABT7GAAAAAAAAAAAAAAAAAwAAAAYAAAABAAAAAG5oJtVdnYOVdZqtXpTHBtbcY0mCmfcBIKEgWnlvFIhaAAAAAUVVUgAAAAAAoPwY/Fd/cIyNUq/eqHOzpq7YdowcfSzkHfZFVRCK2EkAAAAAM9slgH//////////AAAAAQAAAAEAAAAAAAAAAAAAAAAWDcCAAAAAAAAAAAAAAAABAAAABgAAAAEAAAAAbmgm1V2dg5V1mq1elMcG1txjSYKZ9wEgoSBaeW8UiFoAAAABRVVSAAAAAACg/Bj8V39wjI1Sr96oc7Omrth2jBx9LOQd9kVVEIrYSQAAAAAqaieAf/////////8AAAABAAAAAQAAAAAAAAAAAAAAAAycwoAAAAAAAAAAAA==', 'AAAAAgAAAAMAAAAGAAAAAAAAAACuo3ot45qCPExpQ/3oHN+z17Ryis1lfMFYmQWgruS+TAAAAAA7msk4AAAAAgAAAAEAAAABAAAAAAAAAAAAAAAAAQAAAAAAAAAAAAAAAAAAAAAAAAEAAAAGAAAAAAAAAACuo3ot45qCPExpQ/3oHN+z17Ryis1lfMFYmQWgruS+TAAAAAA7msjUAAAAAgAAAAEAAAABAAAAAAAAAAAAAAAAAQAAAAAAAAAAAAAAAAAAAA==', '{fpLvH9AsKmC3/aFk1mFcSkWlrJxTpaN5LfMszUaN580btu0PhssK5jJYnG9xs1/vrxk/Mlc850RPtgLCHmkCBQ==}', 'none', NULL, NULL, true, 100);
INSERT INTO history_transactions VALUES ('0a1bb4fc8e39ac99730cc36326c0289621956a6f9d2e92ee927d762a670840cc', 6, 3, 'GCXKG6RN4ONIEPCMNFB732A436Z5PNDSRLGWK7GBLCMQLIFO4S7EYWVU', 8589934596, 100, 1, '2020-01-13 14:39:38.528543', '2020-01-13 14:39:38.528544', 25769816064, 'AAAAAK6jei3jmoI8TGlD/egc37PXtHKKzWV8wViZBaCu5L5MAAAAZAAAAAIAAAAEAAAAAAAAAAAAAAABAAAAAAAAAA0AAAABVVNEAAAAAAC1uBdHoTugMvQtD7BhIL3Ne9dVPfGI+Ji5JvUO+ZAt7wAAAAAHv6SAAAAAADtgvwDuOWAQ97R1RTtUdwNDHpD/CUepzdQPXlonciLVAAAAAUVVUgAAAAAAoPwY/Fd/cIyNUq/eqHOzpq7YdowcfSzkHfZFVRCK2EkAAAAAO5rKAAAAAAAAAAAAAAAAAa7kvkwAAABAAI+p6icOLlSZyUSUJA+s0DhL+MTDKA3eWve50GPHfwobaeec6XCmc0ekSt01nwS4NLmfyfTGZn8dRRZCgQU3AQ==', 'AAAAAAAAAGT/////AAAAAQAAAAAAAAAN////9gAAAAA=', 'AAAAAQAAAAIAAAADAAAABgAAAAAAAAAArqN6LeOagjxMaUP96Bzfs9e0corNZXzBWJkFoK7kvkwAAAAAO5rIcAAAAAIAAAADAAAAAQAAAAAAAAAAAAAAAAEAAAAAAAAAAAAAAAAAAAAAAAABAAAABgAAAAAAAAAArqN6LeOagjxMaUP96Bzfs9e0corNZXzBWJkFoK7kvkwAAAAAO5rIcAAAAAIAAAAEAAAAAQAAAAAAAAAAAAAAAAEAAAAAAAAAAAAAAAAAAAAAAAAA', 'AAAAAgAAAAMAAAAGAAAAAAAAAACuo3ot45qCPExpQ/3oHN+z17Ryis1lfMFYmQWgruS+TAAAAAA7msjUAAAAAgAAAAEAAAABAAAAAAAAAAAAAAAAAQAAAAAAAAAAAAAAAAAAAAAAAAEAAAAGAAAAAAAAAACuo3ot45qCPExpQ/3oHN+z17Ryis1lfMFYmQWgruS+TAAAAAA7mshwAAAAAgAAAAEAAAABAAAAAAAAAAAAAAAAAQAAAAAAAAAAAAAAAAAAAA==', '{AI+p6icOLlSZyUSUJA+s0DhL+MTDKA3eWve50GPHfwobaeec6XCmc0ekSt01nwS4NLmfyfTGZn8dRRZCgQU3AQ==}', 'none', NULL, NULL, false, 100);
INSERT INTO history_transactions VALUES ('836d46dd3a264550c2bd4007c100a0c95b53ce786607ea4691c1a08552f8e1aa', 5, 1, 'GBXGQJWVLWOYHFLVTKWV5FGHA3LNYY2JQKM7OAJAUEQFU6LPCSEFVXON', 8589934595, 100, 1, '2020-01-13 14:39:38.54854', '2020-01-13 14:39:38.548541', 21474840576, 'AAAAAG5oJtVdnYOVdZqtXpTHBtbcY0mCmfcBIKEgWnlvFIhaAAAAZAAAAAIAAAADAAAAAAAAAAAAAAABAAAAAAAAAAMAAAAAAAAAAVVTRAAAAAAAtbgXR6E7oDL0LQ+wYSC9zXvXVT3xiPiYuSb1DvmQLe8AAAAADRzvAAAAAAoAAAALAAAAAAAAAAAAAAAAAAAAAW8UiFoAAABAhyQ6E0v9EPANcgPYat80FOnlbZSCVHmuqRRP2exQl/qYSAmeg+yl4f08jCJCKY5Z4OBLVzE1sJ+H5W3W3WwiAQ==', 'AAAAAAAAAGQAAAAAAAAAAQAAAAAAAAADAAAAAAAAAAAAAAAAAAAAAG5oJtVdnYOVdZqtXpTHBtbcY0mCmfcBIKEgWnlvFIhaAAAAAAAAAAEAAAAAAAAAAVVTRAAAAAAAtbgXR6E7oDL0LQ+wYSC9zXvXVT3xiPiYuSb1DvmQLe8AAAAADRzvAAAAAAoAAAALAAAAAAAAAAAAAAAA', 'AAAAAQAAAAIAAAADAAAABQAAAAAAAAAAbmgm1V2dg5V1mq1elMcG1txjSYKZ9wEgoSBaeW8UiFoAAAAAO5rIDAAAAAIAAAACAAAAAgAAAAAAAAAAAAAAAAEAAAAAAAAAAAAAAAAAAAAAAAABAAAABQAAAAAAAAAAbmgm1V2dg5V1mq1elMcG1txjSYKZ9wEgoSBaeW8UiFoAAAAAO5rIDAAAAAIAAAADAAAAAgAAAAAAAAAAAAAAAAEAAAAAAAAAAAAAAAAAAAAAAAABAAAABQAAAAAAAAAFAAAAAgAAAABuaCbVXZ2DlXWarV6UxwbW3GNJgpn3ASChIFp5bxSIWgAAAAAAAAABAAAAAAAAAAFVU0QAAAAAALW4F0ehO6Ay9C0PsGEgvc1711U98Yj4mLkm9Q75kC3vAAAAAA0c7wAAAAAKAAAACwAAAAAAAAAAAAAAAAAAAAMAAAAFAAAAAAAAAABuaCbVXZ2DlXWarV6UxwbW3GNJgpn3ASChIFp5bxSIWgAAAAA7msgMAAAAAgAAAAMAAAACAAAAAAAAAAAAAAAAAQAAAAAAAAAAAAAAAAAAAAAAAAEAAAAFAAAAAAAAAABuaCbVXZ2DlXWarV6UxwbW3GNJgpn3ASChIFp5bxSIWgAAAAA7msgMAAAAAgAAAAMAAAADAAAAAAAAAAAAAAAAAQAAAAAAAAAAAAABAAAAAAAAAAAAAAAADRzvAAAAAAAAAAAAAAAAAwAAAAQAAAABAAAAAG5oJtVdnYOVdZqtXpTHBtbcY0mCmfcBIKEgWnlvFIhaAAAAAVVTRAAAAAAAtbgXR6E7oDL0LQ+wYSC9zXvXVT3xiPiYuSb1DvmQLe8AAAAAO5rKAH//////////AAAAAQAAAAAAAAAAAAAAAQAAAAUAAAABAAAAAG5oJtVdnYOVdZqtXpTHBtbcY0mCmfcBIKEgWnlvFIhaAAAAAVVTRAAAAAAAtbgXR6E7oDL0LQ+wYSC9zXvXVT3xiPiYuSb1DvmQLe8AAAAAO5rKAH//////////AAAAAQAAAAEAAAAAC+vCAAAAAAAAAAAAAAAAAAAAAAA=', 'AAAAAgAAAAMAAAADAAAAAAAAAABuaCbVXZ2DlXWarV6UxwbW3GNJgpn3ASChIFp5bxSIWgAAAAA7msk4AAAAAgAAAAIAAAACAAAAAAAAAAAAAAAAAQAAAAAAAAAAAAAAAAAAAAAAAAEAAAAFAAAAAAAAAABuaCbVXZ2DlXWarV6UxwbW3GNJgpn3ASChIFp5bxSIWgAAAAA7msjUAAAAAgAAAAIAAAACAAAAAAAAAAAAAAAAAQAAAAAAAAAAAAAAAAAAAA==', '{hyQ6E0v9EPANcgPYat80FOnlbZSCVHmuqRRP2exQl/qYSAmeg+yl4f08jCJCKY5Z4OBLVzE1sJ+H5W3W3WwiAQ==}', 'none', NULL, NULL, true, 100);
INSERT INTO history_transactions VALUES ('17a7d46cd3892308beefab1c2157212cb4290e2462a3648f004b49c3a7376a6a', 5, 2, 'GBXGQJWVLWOYHFLVTKWV5FGHA3LNYY2JQKM7OAJAUEQFU6LPCSEFVXON', 8589934596, 100, 1, '2020-01-13 14:39:38.549036', '2020-01-13 14:39:38.549036', 21474844672, 'AAAAAG5oJtVdnYOVdZqtXpTHBtbcY0mCmfcBIKEgWnlvFIhaAAAAZAAAAAIAAAAEAAAAAAAAAAAAAAABAAAAAAAAAAMAAAABRVVSAAAAAACg/Bj8V39wjI1Sr96oc7Omrth2jBx9LOQd9kVVEIrYSQAAAAAAAAAADk4cAAAAAAUAAAAGAAAAAAAAAAAAAAAAAAAAAW8UiFoAAABAiXHzI6rj32/ZduOJlIh8+WGSNLsppJ12Pj/ektn20VBD7k0xWj92CezdSrgA572XQ3hUXWYUoP7PGvkyXDYzCw==', 'AAAAAAAAAGQAAAAAAAAAAQAAAAAAAAADAAAAAAAAAAAAAAAAAAAAAG5oJtVdnYOVdZqtXpTHBtbcY0mCmfcBIKEgWnlvFIhaAAAAAAAAAAIAAAABRVVSAAAAAACg/Bj8V39wjI1Sr96oc7Omrth2jBx9LOQd9kVVEIrYSQAAAAAAAAAADk4cAAAAAAUAAAAGAAAAAAAAAAAAAAAA', 'AAAAAQAAAAIAAAADAAAABQAAAAAAAAAAbmgm1V2dg5V1mq1elMcG1txjSYKZ9wEgoSBaeW8UiFoAAAAAO5rIDAAAAAIAAAADAAAAAwAAAAAAAAAAAAAAAAEAAAAAAAAAAAAAAQAAAAAAAAAAAAAAAA0c7wAAAAAAAAAAAAAAAAEAAAAFAAAAAAAAAABuaCbVXZ2DlXWarV6UxwbW3GNJgpn3ASChIFp5bxSIWgAAAAA7msgMAAAAAgAAAAQAAAADAAAAAAAAAAAAAAAAAQAAAAAAAAAAAAABAAAAAAAAAAAAAAAADRzvAAAAAAAAAAAAAAAAAQAAAAUAAAADAAAABAAAAAEAAAAAbmgm1V2dg5V1mq1elMcG1txjSYKZ9wEgoSBaeW8UiFoAAAABRVVSAAAAAACg/Bj8V39wjI1Sr96oc7Omrth2jBx9LOQd9kVVEIrYSQAAAAA7msoAf/////////8AAAABAAAAAAAAAAAAAAABAAAABQAAAAEAAAAAbmgm1V2dg5V1mq1elMcG1txjSYKZ9wEgoSBaeW8UiFoAAAABRVVSAAAAAACg/Bj8V39wjI1Sr96oc7Omrth2jBx9LOQd9kVVEIrYSQAAAAA7msoAf/////////8AAAABAAAAAQAAAAAAAAAAAAAAAA5OHAAAAAAAAAAAAAAAAAMAAAAFAAAAAAAAAABuaCbVXZ2DlXWarV6UxwbW3GNJgpn3ASChIFp5bxSIWgAAAAA7msgMAAAAAgAAAAQAAAADAAAAAAAAAAAAAAAAAQAAAAAAAAAAAAABAAAAAAAAAAAAAAAADRzvAAAAAAAAAAAAAAAAAQAAAAUAAAAAAAAAAG5oJtVdnYOVdZqtXpTHBtbcY0mCmfcBIKEgWnlvFIhaAAAAADuayAwAAAACAAAABAAAAAQAAAAAAAAAAAAAAAABAAAAAAAAAAAAAAEAAAAAC+vCAAAAAAANHO8AAAAAAAAAAAAAAAAAAAAABQAAAAIAAAAAbmgm1V2dg5V1mq1elMcG1txjSYKZ9wEgoSBaeW8UiFoAAAAAAAAAAgAAAAFFVVIAAAAAAKD8GPxXf3CMjVKv3qhzs6au2HaMHH0s5B32RVUQithJAAAAAAAAAAAOThwAAAAABQAAAAYAAAAAAAAAAAAAAAA=', 'AAAAAgAAAAMAAAAFAAAAAAAAAABuaCbVXZ2DlXWarV6UxwbW3GNJgpn3ASChIFp5bxSIWgAAAAA7msjUAAAAAgAAAAIAAAACAAAAAAAAAAAAAAAAAQAAAAAAAAAAAAAAAAAAAAAAAAEAAAAFAAAAAAAAAABuaCbVXZ2DlXWarV6UxwbW3GNJgpn3ASChIFp5bxSIWgAAAAA7mshwAAAAAgAAAAIAAAACAAAAAAAAAAAAAAAAAQAAAAAAAAAAAAAAAAAAAA==', '{iXHzI6rj32/ZduOJlIh8+WGSNLsppJ12Pj/ektn20VBD7k0xWj92CezdSrgA572XQ3hUXWYUoP7PGvkyXDYzCw==}', 'none', NULL, NULL, true, 100);
INSERT INTO history_transactions VALUES ('fbe6d7f49c22a500bf3e20071749ca1237012adcb54fdcc54ecadf70cfa8e859', 5, 3, 'GBXGQJWVLWOYHFLVTKWV5FGHA3LNYY2JQKM7OAJAUEQFU6LPCSEFVXON', 8589934597, 100, 1, '2020-01-13 14:39:38.549415', '2020-01-13 14:39:38.549415', 21474848768, 'AAAAAG5oJtVdnYOVdZqtXpTHBtbcY0mCmfcBIKEgWnlvFIhaAAAAZAAAAAIAAAAFAAAAAAAAAAAAAAABAAAAAAAAAAMAAAABRVVSAAAAAACg/Bj8V39wjI1Sr96oc7Omrth2jBx9LOQd9kVVEIrYSQAAAAFVU0QAAAAAALW4F0ehO6Ay9C0PsGEgvc1711U98Yj4mLkm9Q75kC3vAAAAAA9/SQAAAAAKAAAADQAAAAAAAAAAAAAAAAAAAAFvFIhaAAAAQAsGd4oc7v6XwN6gfcfLX/2YIwjRDFePAMzOUQc+BmIVeVS71wu58s6LG7iYUfGQAi6zUI6orEmc2AHjAyCzCQU=', 'AAAAAAAAAGQAAAAAAAAAAQAAAAAAAAADAAAAAAAAAAAAAAAAAAAAAG5oJtVdnYOVdZqtXpTHBtbcY0mCmfcBIKEgWnlvFIhaAAAAAAAAAAMAAAABRVVSAAAAAACg/Bj8V39wjI1Sr96oc7Omrth2jBx9LOQd9kVVEIrYSQAAAAFVU0QAAAAAALW4F0ehO6Ay9C0PsGEgvc1711U98Yj4mLkm9Q75kC3vAAAAAA9/SQAAAAAKAAAADQAAAAAAAAAAAAAAAA==', 'AAAAAQAAAAIAAAADAAAABQAAAAAAAAAAbmgm1V2dg5V1mq1elMcG1txjSYKZ9wEgoSBaeW8UiFoAAAAAO5rIDAAAAAIAAAAEAAAABAAAAAAAAAAAAAAAAAEAAAAAAAAAAAAAAQAAAAAL68IAAAAAAA0c7wAAAAAAAAAAAAAAAAEAAAAFAAAAAAAAAABuaCbVXZ2DlXWarV6UxwbW3GNJgpn3ASChIFp5bxSIWgAAAAA7msgMAAAAAgAAAAUAAAAEAAAAAAAAAAAAAAAAAQAAAAAAAAAAAAABAAAAAAvrwgAAAAAADRzvAAAAAAAAAAAAAAAAAQAAAAcAAAADAAAABQAAAAEAAAAAbmgm1V2dg5V1mq1elMcG1txjSYKZ9wEgoSBaeW8UiFoAAAABRVVSAAAAAACg/Bj8V39wjI1Sr96oc7Omrth2jBx9LOQd9kVVEIrYSQAAAAA7msoAf/////////8AAAABAAAAAQAAAAAAAAAAAAAAAA5OHAAAAAAAAAAAAAAAAAEAAAAFAAAAAQAAAABuaCbVXZ2DlXWarV6UxwbW3GNJgpn3ASChIFp5bxSIWgAAAAFFVVIAAAAAAKD8GPxXf3CMjVKv3qhzs6au2HaMHH0s5B32RVUQithJAAAAADuaygB//////////wAAAAEAAAABAAAAAAAAAAAAAAAAHc1lAAAAAAAAAAAAAAAAAAAAAAUAAAACAAAAAG5oJtVdnYOVdZqtXpTHBtbcY0mCmfcBIKEgWnlvFIhaAAAAAAAAAAMAAAABRVVSAAAAAACg/Bj8V39wjI1Sr96oc7Omrth2jBx9LOQd9kVVEIrYSQAAAAFVU0QAAAAAALW4F0ehO6Ay9C0PsGEgvc1711U98Yj4mLkm9Q75kC3vAAAAAA9/SQAAAAAKAAAADQAAAAAAAAAAAAAAAAAAAAMAAAAFAAAAAAAAAABuaCbVXZ2DlXWarV6UxwbW3GNJgpn3ASChIFp5bxSIWgAAAAA7msgMAAAAAgAAAAUAAAAEAAAAAAAAAAAAAAAAAQAAAAAAAAAAAAABAAAAAAvrwgAAAAAADRzvAAAAAAAAAAAAAAAAAQAAAAUAAAAAAAAAAG5oJtVdnYOVdZqtXpTHBtbcY0mCmfcBIKEgWnlvFIhaAAAAADuayAwAAAACAAAABQAAAAUAAAAAAAAAAAAAAAABAAAAAAAAAAAAAAEAAAAAC+vCAAAAAAANHO8AAAAAAAAAAAAAAAADAAAABQAAAAEAAAAAbmgm1V2dg5V1mq1elMcG1txjSYKZ9wEgoSBaeW8UiFoAAAABVVNEAAAAAAC1uBdHoTugMvQtD7BhIL3Ne9dVPfGI+Ji5JvUO+ZAt7wAAAAA7msoAf/////////8AAAABAAAAAQAAAAAL68IAAAAAAAAAAAAAAAAAAAAAAAAAAAEAAAAFAAAAAQAAAABuaCbVXZ2DlXWarV6UxwbW3GNJgpn3ASChIFp5bxSIWgAAAAFVU0QAAAAAALW4F0ehO6Ay9C0PsGEgvc1711U98Yj4mLkm9Q75kC3vAAAAADuaygB//////////wAAAAEAAAABAAAAABfXhAAAAAAAAAAAAAAAAAAAAAAA', 'AAAAAgAAAAMAAAAFAAAAAAAAAABuaCbVXZ2DlXWarV6UxwbW3GNJgpn3ASChIFp5bxSIWgAAAAA7mshwAAAAAgAAAAIAAAACAAAAAAAAAAAAAAAAAQAAAAAAAAAAAAAAAAAAAAAAAAEAAAAFAAAAAAAAAABuaCbVXZ2DlXWarV6UxwbW3GNJgpn3ASChIFp5bxSIWgAAAAA7msgMAAAAAgAAAAIAAAACAAAAAAAAAAAAAAAAAQAAAAAAAAAAAAAAAAAAAA==', '{CwZ3ihzu/pfA3qB9x8tf/ZgjCNEMV48AzM5RBz4GYhV5VLvXC7nyzosbuJhR8ZACLrNQjqisSZzYAeMDILMJBQ==}', 'none', NULL, NULL, true, 100);
INSERT INTO history_transactions VALUES ('94f79b72faddea5899929a9b017c1c514751ffa0a7df9fdba7ce81c50f75a820', 4, 1, 'GC23QF2HUE52AMXUFUH3AYJAXXGXXV2VHXYYR6EYXETPKDXZSAW67XO4', 8589934593, 100, 1, '2020-01-13 14:39:38.564699', '2020-01-13 14:39:38.5647', 17179873280, 'AAAAALW4F0ehO6Ay9C0PsGEgvc1711U98Yj4mLkm9Q75kC3vAAAAZAAAAAIAAAABAAAAAAAAAAAAAAABAAAAAAAAAAEAAAAAbmgm1V2dg5V1mq1elMcG1txjSYKZ9wEgoSBaeW8UiFoAAAABVVNEAAAAAAC1uBdHoTugMvQtD7BhIL3Ne9dVPfGI+Ji5JvUO+ZAt7wAAAAA7msoAAAAAAAAAAAH5kC3vAAAAQMq2EpK0LXwZiSrwXsmACrBqgXR/+kPIpG1UMgZP4+aV4vT6OEwvAgRBoKaRPjJd5OX8gOBOJv0RKPeQObZm4Qw=', 'AAAAAAAAAGQAAAAAAAAAAQAAAAAAAAABAAAAAAAAAAA=', 'AAAAAQAAAAIAAAADAAAABAAAAAAAAAAAtbgXR6E7oDL0LQ+wYSC9zXvXVT3xiPiYuSb1DvmQLe8AAAAAO5rJOAAAAAIAAAAAAAAAAAAAAAAAAAAAAAAAAAEAAAAAAAAAAAAAAAAAAAAAAAABAAAABAAAAAAAAAAAtbgXR6E7oDL0LQ+wYSC9zXvXVT3xiPiYuSb1DvmQLe8AAAAAO5rJOAAAAAIAAAABAAAAAAAAAAAAAAAAAAAAAAEAAAAAAAAAAAAAAAAAAAAAAAABAAAAAgAAAAMAAAADAAAAAQAAAABuaCbVXZ2DlXWarV6UxwbW3GNJgpn3ASChIFp5bxSIWgAAAAFVU0QAAAAAALW4F0ehO6Ay9C0PsGEgvc1711U98Yj4mLkm9Q75kC3vAAAAAAAAAAB//////////wAAAAEAAAAAAAAAAAAAAAEAAAAEAAAAAQAAAABuaCbVXZ2DlXWarV6UxwbW3GNJgpn3ASChIFp5bxSIWgAAAAFVU0QAAAAAALW4F0ehO6Ay9C0PsGEgvc1711U98Yj4mLkm9Q75kC3vAAAAADuaygB//////////wAAAAEAAAAAAAAAAA==', 'AAAAAgAAAAMAAAACAAAAAAAAAAC1uBdHoTugMvQtD7BhIL3Ne9dVPfGI+Ji5JvUO+ZAt7wAAAAA7msoAAAAAAgAAAAAAAAAAAAAAAAAAAAAAAAAAAQAAAAAAAAAAAAAAAAAAAAAAAAEAAAAEAAAAAAAAAAC1uBdHoTugMvQtD7BhIL3Ne9dVPfGI+Ji5JvUO+ZAt7wAAAAA7msmcAAAAAgAAAAAAAAAAAAAAAAAAAAAAAAAAAQAAAAAAAAAAAAAAAAAAAA==', '{yrYSkrQtfBmJKvBeyYAKsGqBdH/6Q8ikbVQyBk/j5pXi9Po4TC8CBEGgppE+Ml3k5fyA4E4m/REo95A5tmbhDA==}', 'none', NULL, NULL, true, 100);
INSERT INTO history_transactions VALUES ('3f08bfa1ecbf93b1e395a4b91a282e543cfb1dd7c1f46e7920bf93238e8249bc', 4, 2, 'GCQPYGH4K57XBDENKKX55KDTWOTK5WDWRQOH2LHEDX3EKVIQRLMESGBG', 8589934593, 100, 1, '2020-01-13 14:39:38.564967', '2020-01-13 14:39:38.564968', 17179877376, 'AAAAAKD8GPxXf3CMjVKv3qhzs6au2HaMHH0s5B32RVUQithJAAAAZAAAAAIAAAABAAAAAAAAAAAAAAABAAAAAAAAAAEAAAAAbmgm1V2dg5V1mq1elMcG1txjSYKZ9wEgoSBaeW8UiFoAAAABRVVSAAAAAACg/Bj8V39wjI1Sr96oc7Omrth2jBx9LOQd9kVVEIrYSQAAAAA7msoAAAAAAAAAAAEQithJAAAAQMW/qi+OCrL8pnczurJ6BjclRbXCYwA0BJNawKbWczfAwRuhov22mUb1fa2BGLliHf8Rq6RiKgRPBLv1HrKHIws=', 'AAAAAAAAAGQAAAAAAAAAAQAAAAAAAAABAAAAAAAAAAA=', 'AAAAAQAAAAIAAAADAAAABAAAAAAAAAAAoPwY/Fd/cIyNUq/eqHOzpq7YdowcfSzkHfZFVRCK2EkAAAAAO5rJOAAAAAIAAAAAAAAAAAAAAAAAAAAAAAAAAAEAAAAAAAAAAAAAAAAAAAAAAAABAAAABAAAAAAAAAAAoPwY/Fd/cIyNUq/eqHOzpq7YdowcfSzkHfZFVRCK2EkAAAAAO5rJOAAAAAIAAAABAAAAAAAAAAAAAAAAAAAAAAEAAAAAAAAAAAAAAAAAAAAAAAABAAAAAgAAAAMAAAADAAAAAQAAAABuaCbVXZ2DlXWarV6UxwbW3GNJgpn3ASChIFp5bxSIWgAAAAFFVVIAAAAAAKD8GPxXf3CMjVKv3qhzs6au2HaMHH0s5B32RVUQithJAAAAAAAAAAB//////////wAAAAEAAAAAAAAAAAAAAAEAAAAEAAAAAQAAAABuaCbVXZ2DlXWarV6UxwbW3GNJgpn3ASChIFp5bxSIWgAAAAFFVVIAAAAAAKD8GPxXf3CMjVKv3qhzs6au2HaMHH0s5B32RVUQithJAAAAADuaygB//////////wAAAAEAAAAAAAAAAA==', 'AAAAAgAAAAMAAAACAAAAAAAAAACg/Bj8V39wjI1Sr96oc7Omrth2jBx9LOQd9kVVEIrYSQAAAAA7msoAAAAAAgAAAAAAAAAAAAAAAAAAAAAAAAAAAQAAAAAAAAAAAAAAAAAAAAAAAAEAAAAEAAAAAAAAAACg/Bj8V39wjI1Sr96oc7Omrth2jBx9LOQd9kVVEIrYSQAAAAA7msmcAAAAAgAAAAAAAAAAAAAAAAAAAAAAAAAAAQAAAAAAAAAAAAAAAAAAAA==', '{xb+qL44KsvymdzO6snoGNyVFtcJjADQEk1rAptZzN8DBG6Gi/baZRvV9rYEYuWId/xGrpGIqBE8Eu/UesocjCw==}', 'none', NULL, NULL, true, 100);
INSERT INTO history_transactions VALUES ('c93f80667f37df70a29ec0de96ff3381644ac828a4cea1cb6ceb1bcec6fff058', 4, 3, 'GCQPYGH4K57XBDENKKX55KDTWOTK5WDWRQOH2LHEDX3EKVIQRLMESGBG', 8589934594, 100, 1, '2020-01-13 14:39:38.56518', '2020-01-13 14:39:38.56518', 17179881472, 'AAAAAKD8GPxXf3CMjVKv3qhzs6au2HaMHH0s5B32RVUQithJAAAAZAAAAAIAAAACAAAAAAAAAAAAAAABAAAAAAAAAAEAAAAAO2C/AO45YBD3tHVFO1R3A0MekP8JR6nN1A9eWidyItUAAAABRVVSAAAAAACg/Bj8V39wjI1Sr96oc7Omrth2jBx9LOQd9kVVEIrYSQAAAAA7msoAAAAAAAAAAAEQithJAAAAQG4l7kCAq5aqvS2d/HTtYc7LAa7pSUiiO4KyKJbqmsDgvckGC2dbhcro9tcvCZHfwqTV+ikv8Hm8Zfa63kYPkQY=', 'AAAAAAAAAGQAAAAAAAAAAQAAAAAAAAABAAAAAAAAAAA=', 'AAAAAQAAAAIAAAADAAAABAAAAAAAAAAAoPwY/Fd/cIyNUq/eqHOzpq7YdowcfSzkHfZFVRCK2EkAAAAAO5rJOAAAAAIAAAABAAAAAAAAAAAAAAAAAAAAAAEAAAAAAAAAAAAAAAAAAAAAAAABAAAABAAAAAAAAAAAoPwY/Fd/cIyNUq/eqHOzpq7YdowcfSzkHfZFVRCK2EkAAAAAO5rJOAAAAAIAAAACAAAAAAAAAAAAAAAAAAAAAAEAAAAAAAAAAAAAAAAAAAAAAAABAAAAAgAAAAMAAAADAAAAAQAAAAA7YL8A7jlgEPe0dUU7VHcDQx6Q/wlHqc3UD15aJ3Ii1QAAAAFFVVIAAAAAAKD8GPxXf3CMjVKv3qhzs6au2HaMHH0s5B32RVUQithJAAAAAAAAAAB//////////wAAAAEAAAAAAAAAAAAAAAEAAAAEAAAAAQAAAAA7YL8A7jlgEPe0dUU7VHcDQx6Q/wlHqc3UD15aJ3Ii1QAAAAFFVVIAAAAAAKD8GPxXf3CMjVKv3qhzs6au2HaMHH0s5B32RVUQithJAAAAADuaygB//////////wAAAAEAAAAAAAAAAA==', 'AAAAAgAAAAMAAAAEAAAAAAAAAACg/Bj8V39wjI1Sr96oc7Omrth2jBx9LOQd9kVVEIrYSQAAAAA7msmcAAAAAgAAAAAAAAAAAAAAAAAAAAAAAAAAAQAAAAAAAAAAAAAAAAAAAAAAAAEAAAAEAAAAAAAAAACg/Bj8V39wjI1Sr96oc7Omrth2jBx9LOQd9kVVEIrYSQAAAAA7msk4AAAAAgAAAAAAAAAAAAAAAAAAAAAAAAAAAQAAAAAAAAAAAAAAAAAAAA==', '{biXuQICrlqq9LZ38dO1hzssBrulJSKI7grIoluqawOC9yQYLZ1uFyuj21y8Jkd/CpNX6KS/webxl9rreRg+RBg==}', 'none', NULL, NULL, true, 100);
INSERT INTO history_transactions VALUES ('666656a6eade2082c5780571267d9e4453eee5781ca9a58aa319eb0fe83455fd', 2, 1, 'GBRPYHIL2CI3FNQ4BXLFMNDLFJUNPU2HY3ZMFSHONUCEOASW7QC7OX2H', 1, 100, 1, '2020-01-13 14:39:38.592103', '2020-01-13 14:39:38.592103', 8589938688, 'AAAAAGL8HQvQkbK2HA3WVjRrKmjX00fG8sLI7m0ERwJW/AX3AAAAZAAAAAAAAAABAAAAAAAAAAAAAAABAAAAAAAAAAAAAAAAtbgXR6E7oDL0LQ+wYSC9zXvXVT3xiPiYuSb1DvmQLe8AAAAAO5rKAAAAAAAAAAABVvwF9wAAAEBdDXe23U4e9C2SxpBLZRx1rJzSFLJ0xDD0uKGpmqbflDT+XXIq6UiDBzmFxt+GO+XqFoQPdrXT7p1oLZIHqTMP', 'AAAAAAAAAGQAAAAAAAAAAQAAAAAAAAAAAAAAAAAAAAA=', 'AAAAAQAAAAAAAAABAAAAAwAAAAMAAAACAAAAAAAAAABi/B0L0JGythwN1lY0aypo19NHxvLCyO5tBEcCVvwF9w3gtrOnY/4MAAAAAAAAAAUAAAAAAAAAAAAAAAAAAAAAAQAAAAAAAAAAAAAAAAAAAAAAAAEAAAACAAAAAAAAAABi/B0L0JGythwN1lY0aypo19NHxvLCyO5tBEcCVvwF9w3gtrNryTQMAAAAAAAAAAUAAAAAAAAAAAAAAAAAAAAAAQAAAAAAAAAAAAAAAAAAAAAAAAAAAAACAAAAAAAAAAC1uBdHoTugMvQtD7BhIL3Ne9dVPfGI+Ji5JvUO+ZAt7wAAAAA7msoAAAAAAgAAAAAAAAAAAAAAAAAAAAAAAAAAAQAAAAAAAAAAAAAAAAAAAA==', 'AAAAAgAAAAMAAAABAAAAAAAAAABi/B0L0JGythwN1lY0aypo19NHxvLCyO5tBEcCVvwF9w3gtrOnZAAAAAAAAAAAAAAAAAAAAAAAAAAAAAAAAAAAAQAAAAAAAAAAAAAAAAAAAAAAAAEAAAACAAAAAAAAAABi/B0L0JGythwN1lY0aypo19NHxvLCyO5tBEcCVvwF9w3gtrOnY/+cAAAAAAAAAAEAAAAAAAAAAAAAAAAAAAAAAQAAAAAAAAAAAAAAAAAAAA==', '{XQ13tt1OHvQtksaQS2Ucdayc0hSydMQw9LihqZqm35Q0/l1yKulIgwc5hcbfhjvl6haED3a10+6daC2SB6kzDw==}', 'none', NULL, NULL, true, 100);
INSERT INTO history_transactions VALUES ('7902b04df0fb33faa59b83f918bf1a793a162bd2dc3d44b9939e757cf7cb7671', 4, 4, 'GC23QF2HUE52AMXUFUH3AYJAXXGXXV2VHXYYR6EYXETPKDXZSAW67XO4', 8589934594, 100, 1, '2020-01-13 14:39:38.565385', '2020-01-13 14:39:38.565385', 17179885568, 'AAAAALW4F0ehO6Ay9C0PsGEgvc1711U98Yj4mLkm9Q75kC3vAAAAZAAAAAIAAAACAAAAAAAAAAAAAAABAAAAAAAAAAEAAAAArqN6LeOagjxMaUP96Bzfs9e0corNZXzBWJkFoK7kvkwAAAABVVNEAAAAAAC1uBdHoTugMvQtD7BhIL3Ne9dVPfGI+Ji5JvUO+ZAt7wAAAAA7msoAAAAAAAAAAAH5kC3vAAAAQCCxheB4CZrYiFfMAW6ckj/jTJzHih7CtR8TD0GcvVb6/6BWi9V2nBQvDt/y3NnBtysbFEOM1GV66xFtu8VFGAQ=', 'AAAAAAAAAGQAAAAAAAAAAQAAAAAAAAABAAAAAAAAAAA=', 'AAAAAQAAAAIAAAADAAAABAAAAAAAAAAAtbgXR6E7oDL0LQ+wYSC9zXvXVT3xiPiYuSb1DvmQLe8AAAAAO5rJOAAAAAIAAAABAAAAAAAAAAAAAAAAAAAAAAEAAAAAAAAAAAAAAAAAAAAAAAABAAAABAAAAAAAAAAAtbgXR6E7oDL0LQ+wYSC9zXvXVT3xiPiYuSb1DvmQLe8AAAAAO5rJOAAAAAIAAAACAAAAAAAAAAAAAAAAAAAAAAEAAAAAAAAAAAAAAAAAAAAAAAABAAAAAgAAAAMAAAADAAAAAQAAAACuo3ot45qCPExpQ/3oHN+z17Ryis1lfMFYmQWgruS+TAAAAAFVU0QAAAAAALW4F0ehO6Ay9C0PsGEgvc1711U98Yj4mLkm9Q75kC3vAAAAAAAAAAB//////////wAAAAEAAAAAAAAAAAAAAAEAAAAEAAAAAQAAAACuo3ot45qCPExpQ/3oHN+z17Ryis1lfMFYmQWgruS+TAAAAAFVU0QAAAAAALW4F0ehO6Ay9C0PsGEgvc1711U98Yj4mLkm9Q75kC3vAAAAADuaygB//////////wAAAAEAAAAAAAAAAA==', 'AAAAAgAAAAMAAAAEAAAAAAAAAAC1uBdHoTugMvQtD7BhIL3Ne9dVPfGI+Ji5JvUO+ZAt7wAAAAA7msmcAAAAAgAAAAAAAAAAAAAAAAAAAAAAAAAAAQAAAAAAAAAAAAAAAAAAAAAAAAEAAAAEAAAAAAAAAAC1uBdHoTugMvQtD7BhIL3Ne9dVPfGI+Ji5JvUO+ZAt7wAAAAA7msk4AAAAAgAAAAAAAAAAAAAAAAAAAAAAAAAAAQAAAAAAAAAAAAAAAAAAAA==', '{ILGF4HgJmtiIV8wBbpySP+NMnMeKHsK1HxMPQZy9Vvr/oFaL1XacFC8O3/Lc2cG3KxsUQ4zUZXrrEW27xUUYBA==}', 'none', NULL, NULL, true, 100);
INSERT INTO history_transactions VALUES ('bd486dbdd02d460817671c4a5a7e9d6e865ca29cb41e62d7aaf70a2fee5b36de', 3, 1, 'GCXKG6RN4ONIEPCMNFB732A436Z5PNDSRLGWK7GBLCMQLIFO4S7EYWVU', 8589934593, 100, 1, '2020-01-13 14:39:38.578909', '2020-01-13 14:39:38.578909', 12884905984, 'AAAAAK6jei3jmoI8TGlD/egc37PXtHKKzWV8wViZBaCu5L5MAAAAZAAAAAIAAAABAAAAAAAAAAAAAAABAAAAAAAAAAYAAAABVVNEAAAAAAC1uBdHoTugMvQtD7BhIL3Ne9dVPfGI+Ji5JvUO+ZAt73//////////AAAAAAAAAAGu5L5MAAAAQB9kmKW2q3v7Qfy8PMekEb1TTI5ixqkI0BogXrOt7gO162Qbkh2dSTUfeDovc0PAafhDXxthVAlsLujlBmyjBAY=', 'AAAAAAAAAGQAAAAAAAAAAQAAAAAAAAAGAAAAAAAAAAA=', 'AAAAAQAAAAAAAAABAAAAAwAAAAMAAAADAAAAAAAAAACuo3ot45qCPExpQ/3oHN+z17Ryis1lfMFYmQWgruS+TAAAAAA7msmcAAAAAgAAAAEAAAAAAAAAAAAAAAAAAAAAAQAAAAAAAAAAAAAAAAAAAAAAAAEAAAADAAAAAAAAAACuo3ot45qCPExpQ/3oHN+z17Ryis1lfMFYmQWgruS+TAAAAAA7msmcAAAAAgAAAAEAAAABAAAAAAAAAAAAAAAAAQAAAAAAAAAAAAAAAAAAAAAAAAAAAAADAAAAAQAAAACuo3ot45qCPExpQ/3oHN+z17Ryis1lfMFYmQWgruS+TAAAAAFVU0QAAAAAALW4F0ehO6Ay9C0PsGEgvc1711U98Yj4mLkm9Q75kC3vAAAAAAAAAAB//////////wAAAAEAAAAAAAAAAA==', 'AAAAAgAAAAMAAAACAAAAAAAAAACuo3ot45qCPExpQ/3oHN+z17Ryis1lfMFYmQWgruS+TAAAAAA7msoAAAAAAgAAAAAAAAAAAAAAAAAAAAAAAAAAAQAAAAAAAAAAAAAAAAAAAAAAAAEAAAADAAAAAAAAAACuo3ot45qCPExpQ/3oHN+z17Ryis1lfMFYmQWgruS+TAAAAAA7msmcAAAAAgAAAAEAAAAAAAAAAAAAAAAAAAAAAQAAAAAAAAAAAAAAAAAAAA==', '{H2SYpbare/tB/Lw8x6QRvVNMjmLGqQjQGiBes63uA7XrZBuSHZ1JNR94Oi9zQ8Bp+ENfG2FUCWwu6OUGbKMEBg==}', 'none', NULL, NULL, true, 100);
INSERT INTO history_transactions VALUES ('811192c38643df73c015a5a1d77b802dff05d4f50fc6d10816aa75c0a6109f9a', 3, 2, 'GBXGQJWVLWOYHFLVTKWV5FGHA3LNYY2JQKM7OAJAUEQFU6LPCSEFVXON', 8589934593, 100, 1, '2020-01-13 14:39:38.579061', '2020-01-13 14:39:38.579061', 12884910080, 'AAAAAG5oJtVdnYOVdZqtXpTHBtbcY0mCmfcBIKEgWnlvFIhaAAAAZAAAAAIAAAABAAAAAAAAAAAAAAABAAAAAAAAAAYAAAABVVNEAAAAAAC1uBdHoTugMvQtD7BhIL3Ne9dVPfGI+Ji5JvUO+ZAt73//////////AAAAAAAAAAFvFIhaAAAAQPlg7GLhJg0x7jpAw1Ew6H2XF6yRImfJIwFfx09Nui5btOJAFewFANfOaAB8FQZl5p3A5g3k6DHDigfUNUD16gc=', 'AAAAAAAAAGQAAAAAAAAAAQAAAAAAAAAGAAAAAAAAAAA=', 'AAAAAQAAAAAAAAABAAAAAwAAAAMAAAADAAAAAAAAAABuaCbVXZ2DlXWarV6UxwbW3GNJgpn3ASChIFp5bxSIWgAAAAA7msk4AAAAAgAAAAIAAAAAAAAAAAAAAAAAAAAAAQAAAAAAAAAAAAAAAAAAAAAAAAEAAAADAAAAAAAAAABuaCbVXZ2DlXWarV6UxwbW3GNJgpn3ASChIFp5bxSIWgAAAAA7msk4AAAAAgAAAAIAAAABAAAAAAAAAAAAAAAAAQAAAAAAAAAAAAAAAAAAAAAAAAAAAAADAAAAAQAAAABuaCbVXZ2DlXWarV6UxwbW3GNJgpn3ASChIFp5bxSIWgAAAAFVU0QAAAAAALW4F0ehO6Ay9C0PsGEgvc1711U98Yj4mLkm9Q75kC3vAAAAAAAAAAB//////////wAAAAEAAAAAAAAAAA==', 'AAAAAgAAAAMAAAACAAAAAAAAAABuaCbVXZ2DlXWarV6UxwbW3GNJgpn3ASChIFp5bxSIWgAAAAA7msoAAAAAAgAAAAAAAAAAAAAAAAAAAAAAAAAAAQAAAAAAAAAAAAAAAAAAAAAAAAEAAAADAAAAAAAAAABuaCbVXZ2DlXWarV6UxwbW3GNJgpn3ASChIFp5bxSIWgAAAAA7msmcAAAAAgAAAAEAAAAAAAAAAAAAAAAAAAAAAQAAAAAAAAAAAAAAAAAAAA==', '{+WDsYuEmDTHuOkDDUTDofZcXrJEiZ8kjAV/HT026Llu04kAV7AUA185oAHwVBmXmncDmDeToMcOKB9Q1QPXqBw==}', 'none', NULL, NULL, true, 100);
INSERT INTO history_transactions VALUES ('b5cadce05fc0ad5d6fe009b8b0debc0d3dfd32ea42b8eba3e9ea68c2746e410f', 3, 3, 'GA5WBPYA5Y4WAEHXWR2UKO2UO4BUGHUQ74EUPKON2QHV4WRHOIRNKKH2', 8589934593, 100, 1, '2020-01-13 14:39:38.579173', '2020-01-13 14:39:38.579173', 12884914176, 'AAAAADtgvwDuOWAQ97R1RTtUdwNDHpD/CUepzdQPXlonciLVAAAAZAAAAAIAAAABAAAAAAAAAAAAAAABAAAAAAAAAAYAAAABRVVSAAAAAACg/Bj8V39wjI1Sr96oc7Omrth2jBx9LOQd9kVVEIrYSX//////////AAAAAAAAAAEnciLVAAAAQANQSzvpEBCAXvs1PgmH/UFbfAYt3OAggYPVTd0pjVcJaV3lDE/jOZMnLFZMkFEhg4dluVQxeDZAwTKUPandswg=', 'AAAAAAAAAGQAAAAAAAAAAQAAAAAAAAAGAAAAAAAAAAA=', 'AAAAAQAAAAAAAAABAAAAAwAAAAMAAAADAAAAAAAAAAA7YL8A7jlgEPe0dUU7VHcDQx6Q/wlHqc3UD15aJ3Ii1QAAAAA7msmcAAAAAgAAAAEAAAAAAAAAAAAAAAAAAAAAAQAAAAAAAAAAAAAAAAAAAAAAAAEAAAADAAAAAAAAAAA7YL8A7jlgEPe0dUU7VHcDQx6Q/wlHqc3UD15aJ3Ii1QAAAAA7msmcAAAAAgAAAAEAAAABAAAAAAAAAAAAAAAAAQAAAAAAAAAAAAAAAAAAAAAAAAAAAAADAAAAAQAAAAA7YL8A7jlgEPe0dUU7VHcDQx6Q/wlHqc3UD15aJ3Ii1QAAAAFFVVIAAAAAAKD8GPxXf3CMjVKv3qhzs6au2HaMHH0s5B32RVUQithJAAAAAAAAAAB//////////wAAAAEAAAAAAAAAAA==', 'AAAAAgAAAAMAAAACAAAAAAAAAAA7YL8A7jlgEPe0dUU7VHcDQx6Q/wlHqc3UD15aJ3Ii1QAAAAA7msoAAAAAAgAAAAAAAAAAAAAAAAAAAAAAAAAAAQAAAAAAAAAAAAAAAAAAAAAAAAEAAAADAAAAAAAAAAA7YL8A7jlgEPe0dUU7VHcDQx6Q/wlHqc3UD15aJ3Ii1QAAAAA7msmcAAAAAgAAAAEAAAAAAAAAAAAAAAAAAAAAAQAAAAAAAAAAAAAAAAAAAA==', '{A1BLO+kQEIBe+zU+CYf9QVt8Bi3c4CCBg9VN3SmNVwlpXeUMT+M5kycsVkyQUSGDh2W5VDF4NkDBMpQ9qd2zCA==}', 'none', NULL, NULL, true, 100);
INSERT INTO history_transactions VALUES ('32e4ba1f218b6aa2420b497456a1b09090e3837e66b3495030d4edd60d0f0570', 3, 4, 'GBXGQJWVLWOYHFLVTKWV5FGHA3LNYY2JQKM7OAJAUEQFU6LPCSEFVXON', 8589934594, 100, 1, '2020-01-13 14:39:38.579272', '2020-01-13 14:39:38.579272', 12884918272, 'AAAAAG5oJtVdnYOVdZqtXpTHBtbcY0mCmfcBIKEgWnlvFIhaAAAAZAAAAAIAAAACAAAAAAAAAAAAAAABAAAAAAAAAAYAAAABRVVSAAAAAACg/Bj8V39wjI1Sr96oc7Omrth2jBx9LOQd9kVVEIrYSX//////////AAAAAAAAAAFvFIhaAAAAQMJmv+lhF5QZlgdIqBXDSdhEtgraTrRSwVr5d/BrNC28efHMoxYNa+2u9tSEdxU+hGX6JRW7wAF3bOpA8rxxxAE=', 'AAAAAAAAAGQAAAAAAAAAAQAAAAAAAAAGAAAAAAAAAAA=', 'AAAAAQAAAAAAAAABAAAAAwAAAAMAAAADAAAAAAAAAABuaCbVXZ2DlXWarV6UxwbW3GNJgpn3ASChIFp5bxSIWgAAAAA7msk4AAAAAgAAAAIAAAABAAAAAAAAAAAAAAAAAQAAAAAAAAAAAAAAAAAAAAAAAAEAAAADAAAAAAAAAABuaCbVXZ2DlXWarV6UxwbW3GNJgpn3ASChIFp5bxSIWgAAAAA7msk4AAAAAgAAAAIAAAACAAAAAAAAAAAAAAAAAQAAAAAAAAAAAAAAAAAAAAAAAAAAAAADAAAAAQAAAABuaCbVXZ2DlXWarV6UxwbW3GNJgpn3ASChIFp5bxSIWgAAAAFFVVIAAAAAAKD8GPxXf3CMjVKv3qhzs6au2HaMHH0s5B32RVUQithJAAAAAAAAAAB//////////wAAAAEAAAAAAAAAAA==', 'AAAAAgAAAAMAAAADAAAAAAAAAABuaCbVXZ2DlXWarV6UxwbW3GNJgpn3ASChIFp5bxSIWgAAAAA7msmcAAAAAgAAAAEAAAAAAAAAAAAAAAAAAAAAAQAAAAAAAAAAAAAAAAAAAAAAAAEAAAADAAAAAAAAAABuaCbVXZ2DlXWarV6UxwbW3GNJgpn3ASChIFp5bxSIWgAAAAA7msk4AAAAAgAAAAIAAAAAAAAAAAAAAAAAAAAAAQAAAAAAAAAAAAAAAAAAAA==', '{wma/6WEXlBmWB0ioFcNJ2ES2CtpOtFLBWvl38Gs0Lbx58cyjFg1r7a721IR3FT6EZfolFbvAAXds6kDyvHHEAQ==}', 'none', NULL, NULL, true, 100);
INSERT INTO history_transactions VALUES ('b1f828384c56e4b024f4275f246580ababff1ae3b9ba61b03897357e57eebc20', 2, 2, 'GBRPYHIL2CI3FNQ4BXLFMNDLFJUNPU2HY3ZMFSHONUCEOASW7QC7OX2H', 2, 100, 1, '2020-01-13 14:39:38.592334', '2020-01-13 14:39:38.592334', 8589942784, 'AAAAAGL8HQvQkbK2HA3WVjRrKmjX00fG8sLI7m0ERwJW/AX3AAAAZAAAAAAAAAACAAAAAAAAAAAAAAABAAAAAAAAAAAAAAAAoPwY/Fd/cIyNUq/eqHOzpq7YdowcfSzkHfZFVRCK2EkAAAAAO5rKAAAAAAAAAAABVvwF9wAAAEBdfnFSzZeh17zt82oMdqe4+/xns/kHBdGXf9BIBRYfVZ3DQT3awwZn5LqgIG9JqlvMmR1TKaxcoJQDuqGcCScM', 'AAAAAAAAAGQAAAAAAAAAAQAAAAAAAAAAAAAAAAAAAAA=', 'AAAAAQAAAAAAAAABAAAAAwAAAAMAAAACAAAAAAAAAABi/B0L0JGythwN1lY0aypo19NHxvLCyO5tBEcCVvwF9w3gtrNryTQMAAAAAAAAAAUAAAAAAAAAAAAAAAAAAAAAAQAAAAAAAAAAAAAAAAAAAAAAAAEAAAACAAAAAAAAAABi/B0L0JGythwN1lY0aypo19NHxvLCyO5tBEcCVvwF9w3gtrMwLmoMAAAAAAAAAAUAAAAAAAAAAAAAAAAAAAAAAQAAAAAAAAAAAAAAAAAAAAAAAAAAAAACAAAAAAAAAACg/Bj8V39wjI1Sr96oc7Omrth2jBx9LOQd9kVVEIrYSQAAAAA7msoAAAAAAgAAAAAAAAAAAAAAAAAAAAAAAAAAAQAAAAAAAAAAAAAAAAAAAA==', 'AAAAAgAAAAMAAAACAAAAAAAAAABi/B0L0JGythwN1lY0aypo19NHxvLCyO5tBEcCVvwF9w3gtrOnY/+cAAAAAAAAAAEAAAAAAAAAAAAAAAAAAAAAAQAAAAAAAAAAAAAAAAAAAAAAAAEAAAACAAAAAAAAAABi/B0L0JGythwN1lY0aypo19NHxvLCyO5tBEcCVvwF9w3gtrOnY/84AAAAAAAAAAIAAAAAAAAAAAAAAAAAAAAAAQAAAAAAAAAAAAAAAAAAAA==', '{XX5xUs2Xode87fNqDHanuPv8Z7P5BwXRl3/QSAUWH1Wdw0E92sMGZ+S6oCBvSapbzJkdUymsXKCUA7qhnAknDA==}', 'none', NULL, NULL, true, 100);
INSERT INTO history_transactions VALUES ('2b2e82dbabb024b27a0c3140ca71d8ac9bc71831f9f5a3bd69eca3d88fb0ec5c', 2, 3, 'GBRPYHIL2CI3FNQ4BXLFMNDLFJUNPU2HY3ZMFSHONUCEOASW7QC7OX2H', 3, 100, 1, '2020-01-13 14:39:38.59251', '2020-01-13 14:39:38.592511', 8589946880, 'AAAAAGL8HQvQkbK2HA3WVjRrKmjX00fG8sLI7m0ERwJW/AX3AAAAZAAAAAAAAAADAAAAAAAAAAAAAAABAAAAAAAAAAAAAAAAbmgm1V2dg5V1mq1elMcG1txjSYKZ9wEgoSBaeW8UiFoAAAAAO5rKAAAAAAAAAAABVvwF9wAAAEDJul1tLGLF4Vxwt0dDCVEf6tb5l4byMrGgCp+lVZMmxct54iNf2mxtjx6Md5ZJ4E4Dlcsf46EAhBGSUPsn8fYD', 'AAAAAAAAAGQAAAAAAAAAAQAAAAAAAAAAAAAAAAAAAAA=', 'AAAAAQAAAAAAAAABAAAAAwAAAAMAAAACAAAAAAAAAABi/B0L0JGythwN1lY0aypo19NHxvLCyO5tBEcCVvwF9w3gtrMwLmoMAAAAAAAAAAUAAAAAAAAAAAAAAAAAAAAAAQAAAAAAAAAAAAAAAAAAAAAAAAEAAAACAAAAAAAAAABi/B0L0JGythwN1lY0aypo19NHxvLCyO5tBEcCVvwF9w3gtrL0k6AMAAAAAAAAAAUAAAAAAAAAAAAAAAAAAAAAAQAAAAAAAAAAAAAAAAAAAAAAAAAAAAACAAAAAAAAAABuaCbVXZ2DlXWarV6UxwbW3GNJgpn3ASChIFp5bxSIWgAAAAA7msoAAAAAAgAAAAAAAAAAAAAAAAAAAAAAAAAAAQAAAAAAAAAAAAAAAAAAAA==', 'AAAAAgAAAAMAAAACAAAAAAAAAABi/B0L0JGythwN1lY0aypo19NHxvLCyO5tBEcCVvwF9w3gtrOnY/84AAAAAAAAAAIAAAAAAAAAAAAAAAAAAAAAAQAAAAAAAAAAAAAAAAAAAAAAAAEAAAACAAAAAAAAAABi/B0L0JGythwN1lY0aypo19NHxvLCyO5tBEcCVvwF9w3gtrOnY/7UAAAAAAAAAAMAAAAAAAAAAAAAAAAAAAAAAQAAAAAAAAAAAAAAAAAAAA==', '{ybpdbSxixeFccLdHQwlRH+rW+ZeG8jKxoAqfpVWTJsXLeeIjX9psbY8ejHeWSeBOA5XLH+OhAIQRklD7J/H2Aw==}', 'none', NULL, NULL, true, 100);
INSERT INTO history_transactions VALUES ('e17bae552da0105ad32f0b9aadfd0f623ef37eb486b10b044c19238360e455d7', 2, 4, 'GBRPYHIL2CI3FNQ4BXLFMNDLFJUNPU2HY3ZMFSHONUCEOASW7QC7OX2H', 4, 100, 1, '2020-01-13 14:39:38.592678', '2020-01-13 14:39:38.592678', 8589950976, 'AAAAAGL8HQvQkbK2HA3WVjRrKmjX00fG8sLI7m0ERwJW/AX3AAAAZAAAAAAAAAAEAAAAAAAAAAAAAAABAAAAAAAAAAAAAAAAO2C/AO45YBD3tHVFO1R3A0MekP8JR6nN1A9eWidyItUAAAAAO5rKAAAAAAAAAAABVvwF9wAAAEDYYfyOrmPhfki6lrP+oCfunJmRu2mfxl40o5qWR7y1YmP8poG+6Xqg41jKCWNwVoP717CVEPe70I0teWvTejkJ', 'AAAAAAAAAGQAAAAAAAAAAQAAAAAAAAAAAAAAAAAAAAA=', 'AAAAAQAAAAAAAAABAAAAAwAAAAMAAAACAAAAAAAAAABi/B0L0JGythwN1lY0aypo19NHxvLCyO5tBEcCVvwF9w3gtrL0k6AMAAAAAAAAAAUAAAAAAAAAAAAAAAAAAAAAAQAAAAAAAAAAAAAAAAAAAAAAAAEAAAACAAAAAAAAAABi/B0L0JGythwN1lY0aypo19NHxvLCyO5tBEcCVvwF9w3gtrK4+NYMAAAAAAAAAAUAAAAAAAAAAAAAAAAAAAAAAQAAAAAAAAAAAAAAAAAAAAAAAAAAAAACAAAAAAAAAAA7YL8A7jlgEPe0dUU7VHcDQx6Q/wlHqc3UD15aJ3Ii1QAAAAA7msoAAAAAAgAAAAAAAAAAAAAAAAAAAAAAAAAAAQAAAAAAAAAAAAAAAAAAAA==', 'AAAAAgAAAAMAAAACAAAAAAAAAABi/B0L0JGythwN1lY0aypo19NHxvLCyO5tBEcCVvwF9w3gtrOnY/7UAAAAAAAAAAMAAAAAAAAAAAAAAAAAAAAAAQAAAAAAAAAAAAAAAAAAAAAAAAEAAAACAAAAAAAAAABi/B0L0JGythwN1lY0aypo19NHxvLCyO5tBEcCVvwF9w3gtrOnY/5wAAAAAAAAAAQAAAAAAAAAAAAAAAAAAAAAAQAAAAAAAAAAAAAAAAAAAA==', '{2GH8jq5j4X5Iupaz/qAn7pyZkbtpn8ZeNKOalke8tWJj/KaBvul6oONYygljcFaD+9ewlRD3u9CNLXlr03o5CQ==}', 'none', NULL, NULL, true, 100);
INSERT INTO history_transactions VALUES ('cfd8816ed587c5ed88dea0eb00818caf38c0750e7740e05de3c27176e9aee8ee', 2, 5, 'GBRPYHIL2CI3FNQ4BXLFMNDLFJUNPU2HY3ZMFSHONUCEOASW7QC7OX2H', 5, 100, 1, '2020-01-13 14:39:38.592859', '2020-01-13 14:39:38.592859', 8589955072, 'AAAAAGL8HQvQkbK2HA3WVjRrKmjX00fG8sLI7m0ERwJW/AX3AAAAZAAAAAAAAAAFAAAAAAAAAAAAAAABAAAAAAAAAAAAAAAArqN6LeOagjxMaUP96Bzfs9e0corNZXzBWJkFoK7kvkwAAAAAO5rKAAAAAAAAAAABVvwF9wAAAEDNmQhdQeyMcWFWP8dVRkDtFS4tHICyKdaPkR6+/L7+tMzKWoUjbDAXscRYI+j6Fd/VFUaDzdYsWCAsH30WujIL', 'AAAAAAAAAGQAAAAAAAAAAQAAAAAAAAAAAAAAAAAAAAA=', 'AAAAAQAAAAAAAAABAAAAAwAAAAMAAAACAAAAAAAAAABi/B0L0JGythwN1lY0aypo19NHxvLCyO5tBEcCVvwF9w3gtrK4+NYMAAAAAAAAAAUAAAAAAAAAAAAAAAAAAAAAAQAAAAAAAAAAAAAAAAAAAAAAAAEAAAACAAAAAAAAAABi/B0L0JGythwN1lY0aypo19NHxvLCyO5tBEcCVvwF9w3gtrJ9XgwMAAAAAAAAAAUAAAAAAAAAAAAAAAAAAAAAAQAAAAAAAAAAAAAAAAAAAAAAAAAAAAACAAAAAAAAAACuo3ot45qCPExpQ/3oHN+z17Ryis1lfMFYmQWgruS+TAAAAAA7msoAAAAAAgAAAAAAAAAAAAAAAAAAAAAAAAAAAQAAAAAAAAAAAAAAAAAAAA==', 'AAAAAgAAAAMAAAACAAAAAAAAAABi/B0L0JGythwN1lY0aypo19NHxvLCyO5tBEcCVvwF9w3gtrOnY/5wAAAAAAAAAAQAAAAAAAAAAAAAAAAAAAAAAQAAAAAAAAAAAAAAAAAAAAAAAAEAAAACAAAAAAAAAABi/B0L0JGythwN1lY0aypo19NHxvLCyO5tBEcCVvwF9w3gtrOnY/4MAAAAAAAAAAUAAAAAAAAAAAAAAAAAAAAAAQAAAAAAAAAAAAAAAAAAAA==', '{zZkIXUHsjHFhVj/HVUZA7RUuLRyAsinWj5Eevvy+/rTMylqFI2wwF7HEWCPo+hXf1RVGg83WLFggLB99FroyCw==}', 'none', NULL, NULL, true, 100);


--
-- Data for Name: key_value_store; Type: TABLE DATA; Schema: public; Owner: -
--

INSERT INTO key_value_store VALUES ('exp_ingest_last_ledger', '0');


--
-- Data for Name: offers; Type: TABLE DATA; Schema: public; Owner: -
--



--
-- Data for Name: trust_lines; Type: TABLE DATA; Schema: public; Owner: -
--



--
-- Name: accounts_data accounts_data_pkey; Type: CONSTRAINT; Schema: public; Owner: -
--

ALTER TABLE ONLY accounts_data
    ADD CONSTRAINT accounts_data_pkey PRIMARY KEY (ledger_key);


--
-- Name: accounts accounts_pkey; Type: CONSTRAINT; Schema: public; Owner: -
--

ALTER TABLE ONLY accounts
    ADD CONSTRAINT accounts_pkey PRIMARY KEY (account_id);


--
-- Name: accounts_signers accounts_signers_pkey; Type: CONSTRAINT; Schema: public; Owner: -
--

ALTER TABLE ONLY accounts_signers
    ADD CONSTRAINT accounts_signers_pkey PRIMARY KEY (signer, account_id);


--
-- Name: asset_stats asset_stats_pkey; Type: CONSTRAINT; Schema: public; Owner: -
--

ALTER TABLE ONLY asset_stats
    ADD CONSTRAINT asset_stats_pkey PRIMARY KEY (id);


--
-- Name: exp_asset_stats exp_asset_stats_pkey; Type: CONSTRAINT; Schema: public; Owner: -
--

ALTER TABLE ONLY exp_asset_stats
    ADD CONSTRAINT exp_asset_stats_pkey PRIMARY KEY (asset_code, asset_issuer, asset_type);


--
-- Name: exp_history_assets exp_history_assets_asset_code_asset_type_asset_issuer_key; Type: CONSTRAINT; Schema: public; Owner: -
--

ALTER TABLE ONLY exp_history_assets
    ADD CONSTRAINT exp_history_assets_asset_code_asset_type_asset_issuer_key UNIQUE (asset_code, asset_type, asset_issuer);


--
-- Name: exp_history_assets exp_history_assets_pkey; Type: CONSTRAINT; Schema: public; Owner: -
--

ALTER TABLE ONLY exp_history_assets
    ADD CONSTRAINT exp_history_assets_pkey PRIMARY KEY (id);


--
-- Name: exp_history_operation_participants exp_history_operation_participants_pkey; Type: CONSTRAINT; Schema: public; Owner: -
--

ALTER TABLE ONLY exp_history_operation_participants
    ADD CONSTRAINT exp_history_operation_participants_pkey PRIMARY KEY (id);


--
-- Name: exp_history_transaction_participants exp_history_transaction_participants_pkey; Type: CONSTRAINT; Schema: public; Owner: -
--

ALTER TABLE ONLY exp_history_transaction_participants
    ADD CONSTRAINT exp_history_transaction_participants_pkey PRIMARY KEY (id);


--
-- Name: gorp_migrations gorp_migrations_pkey; Type: CONSTRAINT; Schema: public; Owner: -
--

ALTER TABLE ONLY gorp_migrations
    ADD CONSTRAINT gorp_migrations_pkey PRIMARY KEY (id);


--
-- Name: history_assets history_assets_asset_code_asset_type_asset_issuer_key; Type: CONSTRAINT; Schema: public; Owner: -
--

ALTER TABLE ONLY history_assets
    ADD CONSTRAINT history_assets_asset_code_asset_type_asset_issuer_key UNIQUE (asset_code, asset_type, asset_issuer);


--
-- Name: history_assets history_assets_pkey; Type: CONSTRAINT; Schema: public; Owner: -
--

ALTER TABLE ONLY history_assets
    ADD CONSTRAINT history_assets_pkey PRIMARY KEY (id);


--
-- Name: history_operation_participants history_operation_participants_pkey; Type: CONSTRAINT; Schema: public; Owner: -
--

ALTER TABLE ONLY history_operation_participants
    ADD CONSTRAINT history_operation_participants_pkey PRIMARY KEY (id);


--
-- Name: history_transaction_participants history_transaction_participants_pkey; Type: CONSTRAINT; Schema: public; Owner: -
--

ALTER TABLE ONLY history_transaction_participants
    ADD CONSTRAINT history_transaction_participants_pkey PRIMARY KEY (id);


--
-- Name: key_value_store key_value_store_pkey; Type: CONSTRAINT; Schema: public; Owner: -
--

ALTER TABLE ONLY key_value_store
    ADD CONSTRAINT key_value_store_pkey PRIMARY KEY (key);


--
-- Name: offers offers_pkey; Type: CONSTRAINT; Schema: public; Owner: -
--

ALTER TABLE ONLY offers
    ADD CONSTRAINT offers_pkey PRIMARY KEY (offer_id);


--
-- Name: trust_lines trust_lines_pkey; Type: CONSTRAINT; Schema: public; Owner: -
--

ALTER TABLE ONLY trust_lines
    ADD CONSTRAINT trust_lines_pkey PRIMARY KEY (ledger_key);


--
-- Name: accounts_data_account_id_name; Type: INDEX; Schema: public; Owner: -
--

CREATE UNIQUE INDEX accounts_data_account_id_name ON accounts_data USING btree (account_id, name);


--
-- Name: accounts_home_domain; Type: INDEX; Schema: public; Owner: -
--

CREATE INDEX accounts_home_domain ON accounts USING btree (home_domain);


--
-- Name: accounts_inflation_destination; Type: INDEX; Schema: public; Owner: -
--

CREATE INDEX accounts_inflation_destination ON accounts USING btree (inflation_destination);


--
-- Name: asset_by_code; Type: INDEX; Schema: public; Owner: -
--

CREATE INDEX asset_by_code ON history_assets USING btree (asset_code);


--
-- Name: asset_by_issuer; Type: INDEX; Schema: public; Owner: -
--

CREATE INDEX asset_by_issuer ON history_assets USING btree (asset_issuer);


--
-- Name: by_account; Type: INDEX; Schema: public; Owner: -
--

CREATE INDEX by_account ON history_transactions USING btree (account, account_sequence);


--
-- Name: by_hash; Type: INDEX; Schema: public; Owner: -
--

CREATE INDEX by_hash ON history_transactions USING btree (transaction_hash);


--
-- Name: by_ledger; Type: INDEX; Schema: public; Owner: -
--

CREATE INDEX by_ledger ON history_transactions USING btree (ledger_sequence, application_order);


--
-- Name: exp_asset_stats_by_code; Type: INDEX; Schema: public; Owner: -
--

CREATE INDEX exp_asset_stats_by_code ON exp_asset_stats USING btree (asset_code);


--
-- Name: exp_asset_stats_by_issuer; Type: INDEX; Schema: public; Owner: -
--

CREATE INDEX exp_asset_stats_by_issuer ON exp_asset_stats USING btree (asset_issuer);


--
-- Name: exp_history_accounts_address_idx; Type: INDEX; Schema: public; Owner: -
--

CREATE UNIQUE INDEX exp_history_accounts_address_idx ON exp_history_accounts USING btree (address);


--
-- Name: exp_history_accounts_id_idx; Type: INDEX; Schema: public; Owner: -
--

CREATE UNIQUE INDEX exp_history_accounts_id_idx ON exp_history_accounts USING btree (id);


--
-- Name: exp_history_assets_asset_code_idx; Type: INDEX; Schema: public; Owner: -
--

CREATE INDEX exp_history_assets_asset_code_idx ON exp_history_assets USING btree (asset_code);


--
-- Name: exp_history_assets_asset_issuer_idx; Type: INDEX; Schema: public; Owner: -
--

CREATE INDEX exp_history_assets_asset_issuer_idx ON exp_history_assets USING btree (asset_issuer);


--
-- Name: exp_history_effects_expr_expr1_expr2_expr3_expr4_expr5_idx; Type: INDEX; Schema: public; Owner: -
--

CREATE INDEX exp_history_effects_expr_expr1_expr2_expr3_expr4_expr5_idx ON exp_history_effects USING btree (((details ->> 'sold_asset_type'::text)), ((details ->> 'sold_asset_code'::text)), ((details ->> 'sold_asset_issuer'::text)), ((details ->> 'bought_asset_type'::text)), ((details ->> 'bought_asset_code'::text)), ((details ->> 'bought_asset_issuer'::text))) WHERE (type = 33);


--
-- Name: exp_history_effects_history_account_id_history_operation_id_idx; Type: INDEX; Schema: public; Owner: -
--

CREATE UNIQUE INDEX exp_history_effects_history_account_id_history_operation_id_idx ON exp_history_effects USING btree (history_account_id, history_operation_id, "order");


--
-- Name: exp_history_effects_history_operation_id_order_idx; Type: INDEX; Schema: public; Owner: -
--

CREATE UNIQUE INDEX exp_history_effects_history_operation_id_order_idx ON exp_history_effects USING btree (history_operation_id, "order");


--
-- Name: exp_history_effects_type_idx; Type: INDEX; Schema: public; Owner: -
--

CREATE INDEX exp_history_effects_type_idx ON exp_history_effects USING btree (type);


--
-- Name: exp_history_ledgers_closed_at_idx; Type: INDEX; Schema: public; Owner: -
--

CREATE INDEX exp_history_ledgers_closed_at_idx ON exp_history_ledgers USING btree (closed_at);


--
-- Name: exp_history_ledgers_id_idx; Type: INDEX; Schema: public; Owner: -
--

CREATE UNIQUE INDEX exp_history_ledgers_id_idx ON exp_history_ledgers USING btree (id);


--
-- Name: exp_history_ledgers_importer_version_idx; Type: INDEX; Schema: public; Owner: -
--

CREATE INDEX exp_history_ledgers_importer_version_idx ON exp_history_ledgers USING btree (importer_version);


--
-- Name: exp_history_ledgers_ledger_hash_idx; Type: INDEX; Schema: public; Owner: -
--

CREATE UNIQUE INDEX exp_history_ledgers_ledger_hash_idx ON exp_history_ledgers USING btree (ledger_hash);


--
-- Name: exp_history_ledgers_previous_ledger_hash_idx; Type: INDEX; Schema: public; Owner: -
--

CREATE UNIQUE INDEX exp_history_ledgers_previous_ledger_hash_idx ON exp_history_ledgers USING btree (previous_ledger_hash);


--
-- Name: exp_history_ledgers_sequence_idx; Type: INDEX; Schema: public; Owner: -
--

CREATE UNIQUE INDEX exp_history_ledgers_sequence_idx ON exp_history_ledgers USING btree (sequence);


--
-- Name: exp_history_operation_partici_history_account_id_history_op_idx; Type: INDEX; Schema: public; Owner: -
--

CREATE UNIQUE INDEX exp_history_operation_partici_history_account_id_history_op_idx ON exp_history_operation_participants USING btree (history_account_id, history_operation_id);


--
-- Name: exp_history_operation_participants_history_operation_id_idx; Type: INDEX; Schema: public; Owner: -
--

CREATE INDEX exp_history_operation_participants_history_operation_id_idx ON exp_history_operation_participants USING btree (history_operation_id);


--
-- Name: exp_history_operations_id_idx; Type: INDEX; Schema: public; Owner: -
--

CREATE UNIQUE INDEX exp_history_operations_id_idx ON exp_history_operations USING btree (id);


--
-- Name: exp_history_operations_transaction_id_idx; Type: INDEX; Schema: public; Owner: -
--

CREATE INDEX exp_history_operations_transaction_id_idx ON exp_history_operations USING btree (transaction_id);


--
-- Name: exp_history_operations_type_idx; Type: INDEX; Schema: public; Owner: -
--

CREATE INDEX exp_history_operations_type_idx ON exp_history_operations USING btree (type);


--
-- Name: exp_history_transaction_parti_history_account_id_history_tr_idx; Type: INDEX; Schema: public; Owner: -
--

CREATE UNIQUE INDEX exp_history_transaction_parti_history_account_id_history_tr_idx ON exp_history_transaction_participants USING btree (history_account_id, history_transaction_id);


--
-- Name: exp_history_transaction_participants_history_transaction_id_idx; Type: INDEX; Schema: public; Owner: -
--

CREATE INDEX exp_history_transaction_participants_history_transaction_id_idx ON exp_history_transaction_participants USING btree (history_transaction_id);


--
-- Name: exp_history_transactions_account_account_sequence_idx; Type: INDEX; Schema: public; Owner: -
--

CREATE INDEX exp_history_transactions_account_account_sequence_idx ON exp_history_transactions USING btree (account, account_sequence);


--
-- Name: exp_history_transactions_id_idx; Type: INDEX; Schema: public; Owner: -
--

CREATE UNIQUE INDEX exp_history_transactions_id_idx ON exp_history_transactions USING btree (id);


--
-- Name: exp_history_transactions_ledger_sequence_application_order_idx; Type: INDEX; Schema: public; Owner: -
--

CREATE INDEX exp_history_transactions_ledger_sequence_application_order_idx ON exp_history_transactions USING btree (ledger_sequence, application_order);


--
-- Name: exp_history_transactions_transaction_hash_idx; Type: INDEX; Schema: public; Owner: -
--

CREATE INDEX exp_history_transactions_transaction_hash_idx ON exp_history_transactions USING btree (transaction_hash);


--
-- Name: exp_htrd_by_base_account; Type: INDEX; Schema: public; Owner: -
--

CREATE INDEX exp_htrd_by_base_account ON exp_history_trades USING btree (base_account_id);


--
-- Name: exp_htrd_by_base_offer; Type: INDEX; Schema: public; Owner: -
--

CREATE INDEX exp_htrd_by_base_offer ON exp_history_trades USING btree (base_offer_id);


--
-- Name: exp_htrd_by_counter_account; Type: INDEX; Schema: public; Owner: -
--

CREATE INDEX exp_htrd_by_counter_account ON exp_history_trades USING btree (counter_account_id);


--
-- Name: exp_htrd_by_counter_offer; Type: INDEX; Schema: public; Owner: -
--

CREATE INDEX exp_htrd_by_counter_offer ON exp_history_trades USING btree (counter_offer_id);


--
-- Name: exp_htrd_by_offer; Type: INDEX; Schema: public; Owner: -
--

CREATE INDEX exp_htrd_by_offer ON exp_history_trades USING btree (offer_id);


--
-- Name: exp_htrd_counter_lookup; Type: INDEX; Schema: public; Owner: -
--

CREATE INDEX exp_htrd_counter_lookup ON exp_history_trades USING btree (counter_asset_id);


--
-- Name: exp_htrd_pair_time_lookup; Type: INDEX; Schema: public; Owner: -
--

CREATE INDEX exp_htrd_pair_time_lookup ON exp_history_trades USING btree (base_asset_id, counter_asset_id, ledger_closed_at);


--
-- Name: exp_htrd_pid; Type: INDEX; Schema: public; Owner: -
--

CREATE UNIQUE INDEX exp_htrd_pid ON exp_history_trades USING btree (history_operation_id, "order");


--
-- Name: exp_htrd_time_lookup; Type: INDEX; Schema: public; Owner: -
--

CREATE INDEX exp_htrd_time_lookup ON exp_history_trades USING btree (ledger_closed_at);


--
-- Name: hist_e_by_order; Type: INDEX; Schema: public; Owner: -
--

CREATE UNIQUE INDEX hist_e_by_order ON history_effects USING btree (history_operation_id, "order");


--
-- Name: hist_e_id; Type: INDEX; Schema: public; Owner: -
--

CREATE UNIQUE INDEX hist_e_id ON history_effects USING btree (history_account_id, history_operation_id, "order");


--
-- Name: hist_op_p_id; Type: INDEX; Schema: public; Owner: -
--

CREATE UNIQUE INDEX hist_op_p_id ON history_operation_participants USING btree (history_account_id, history_operation_id);


--
-- Name: hist_tx_p_id; Type: INDEX; Schema: public; Owner: -
--

CREATE UNIQUE INDEX hist_tx_p_id ON history_transaction_participants USING btree (history_account_id, history_transaction_id);


--
-- Name: hop_by_hoid; Type: INDEX; Schema: public; Owner: -
--

CREATE INDEX hop_by_hoid ON history_operation_participants USING btree (history_operation_id);


--
-- Name: hs_ledger_by_id; Type: INDEX; Schema: public; Owner: -
--

CREATE UNIQUE INDEX hs_ledger_by_id ON history_ledgers USING btree (id);


--
-- Name: hs_transaction_by_id; Type: INDEX; Schema: public; Owner: -
--

CREATE UNIQUE INDEX hs_transaction_by_id ON history_transactions USING btree (id);


--
-- Name: htp_by_htid; Type: INDEX; Schema: public; Owner: -
--

CREATE INDEX htp_by_htid ON history_transaction_participants USING btree (history_transaction_id);


--
-- Name: htrd_by_base_account; Type: INDEX; Schema: public; Owner: -
--

CREATE INDEX htrd_by_base_account ON history_trades USING btree (base_account_id);


--
-- Name: htrd_by_base_offer; Type: INDEX; Schema: public; Owner: -
--

CREATE INDEX htrd_by_base_offer ON history_trades USING btree (base_offer_id);


--
-- Name: htrd_by_counter_account; Type: INDEX; Schema: public; Owner: -
--

CREATE INDEX htrd_by_counter_account ON history_trades USING btree (counter_account_id);


--
-- Name: htrd_by_counter_offer; Type: INDEX; Schema: public; Owner: -
--

CREATE INDEX htrd_by_counter_offer ON history_trades USING btree (counter_offer_id);


--
-- Name: htrd_by_offer; Type: INDEX; Schema: public; Owner: -
--

CREATE INDEX htrd_by_offer ON history_trades USING btree (offer_id);


--
-- Name: htrd_counter_lookup; Type: INDEX; Schema: public; Owner: -
--

CREATE INDEX htrd_counter_lookup ON history_trades USING btree (counter_asset_id);


--
-- Name: htrd_pair_time_lookup; Type: INDEX; Schema: public; Owner: -
--

CREATE INDEX htrd_pair_time_lookup ON history_trades USING btree (base_asset_id, counter_asset_id, ledger_closed_at);


--
-- Name: htrd_pid; Type: INDEX; Schema: public; Owner: -
--

CREATE UNIQUE INDEX htrd_pid ON history_trades USING btree (history_operation_id, "order");


--
-- Name: htrd_time_lookup; Type: INDEX; Schema: public; Owner: -
--

CREATE INDEX htrd_time_lookup ON history_trades USING btree (ledger_closed_at);


--
-- Name: index_history_accounts_on_address; Type: INDEX; Schema: public; Owner: -
--

CREATE UNIQUE INDEX index_history_accounts_on_address ON history_accounts USING btree (address);


--
-- Name: index_history_accounts_on_id; Type: INDEX; Schema: public; Owner: -
--

CREATE UNIQUE INDEX index_history_accounts_on_id ON history_accounts USING btree (id);


--
-- Name: index_history_effects_on_type; Type: INDEX; Schema: public; Owner: -
--

CREATE INDEX index_history_effects_on_type ON history_effects USING btree (type);


--
-- Name: index_history_ledgers_on_closed_at; Type: INDEX; Schema: public; Owner: -
--

CREATE INDEX index_history_ledgers_on_closed_at ON history_ledgers USING btree (closed_at);


--
-- Name: index_history_ledgers_on_id; Type: INDEX; Schema: public; Owner: -
--

CREATE UNIQUE INDEX index_history_ledgers_on_id ON history_ledgers USING btree (id);


--
-- Name: index_history_ledgers_on_importer_version; Type: INDEX; Schema: public; Owner: -
--

CREATE INDEX index_history_ledgers_on_importer_version ON history_ledgers USING btree (importer_version);


--
-- Name: index_history_ledgers_on_ledger_hash; Type: INDEX; Schema: public; Owner: -
--

CREATE UNIQUE INDEX index_history_ledgers_on_ledger_hash ON history_ledgers USING btree (ledger_hash);


--
-- Name: index_history_ledgers_on_previous_ledger_hash; Type: INDEX; Schema: public; Owner: -
--

CREATE UNIQUE INDEX index_history_ledgers_on_previous_ledger_hash ON history_ledgers USING btree (previous_ledger_hash);


--
-- Name: index_history_ledgers_on_sequence; Type: INDEX; Schema: public; Owner: -
--

CREATE UNIQUE INDEX index_history_ledgers_on_sequence ON history_ledgers USING btree (sequence);


--
-- Name: index_history_operations_on_id; Type: INDEX; Schema: public; Owner: -
--

CREATE UNIQUE INDEX index_history_operations_on_id ON history_operations USING btree (id);


--
-- Name: index_history_operations_on_transaction_id; Type: INDEX; Schema: public; Owner: -
--

CREATE INDEX index_history_operations_on_transaction_id ON history_operations USING btree (transaction_id);


--
-- Name: index_history_operations_on_type; Type: INDEX; Schema: public; Owner: -
--

CREATE INDEX index_history_operations_on_type ON history_operations USING btree (type);


--
-- Name: index_history_transactions_on_id; Type: INDEX; Schema: public; Owner: -
--

CREATE UNIQUE INDEX index_history_transactions_on_id ON history_transactions USING btree (id);


--
-- Name: offers_by_buying_asset; Type: INDEX; Schema: public; Owner: -
--

CREATE INDEX offers_by_buying_asset ON offers USING btree (buying_asset);


--
-- Name: offers_by_last_modified_ledger; Type: INDEX; Schema: public; Owner: -
--

CREATE INDEX offers_by_last_modified_ledger ON offers USING btree (last_modified_ledger);


--
-- Name: offers_by_seller; Type: INDEX; Schema: public; Owner: -
--

CREATE INDEX offers_by_seller ON offers USING btree (seller_id);


--
-- Name: offers_by_selling_asset; Type: INDEX; Schema: public; Owner: -
--

CREATE INDEX offers_by_selling_asset ON offers USING btree (selling_asset);


--
-- Name: signers_by_account; Type: INDEX; Schema: public; Owner: -
--

CREATE INDEX signers_by_account ON accounts_signers USING btree (account_id);


--
-- Name: trade_effects_by_order_book; Type: INDEX; Schema: public; Owner: -
--

CREATE INDEX trade_effects_by_order_book ON history_effects USING btree (((details ->> 'sold_asset_type'::text)), ((details ->> 'sold_asset_code'::text)), ((details ->> 'sold_asset_issuer'::text)), ((details ->> 'bought_asset_type'::text)), ((details ->> 'bought_asset_code'::text)), ((details ->> 'bought_asset_issuer'::text))) WHERE (type = 33);


--
-- Name: trust_lines_by_account_id; Type: INDEX; Schema: public; Owner: -
--

CREATE INDEX trust_lines_by_account_id ON trust_lines USING btree (account_id);


--
-- Name: trust_lines_by_issuer; Type: INDEX; Schema: public; Owner: -
--

CREATE INDEX trust_lines_by_issuer ON trust_lines USING btree (asset_issuer);


--
-- Name: trust_lines_by_type_code_issuer; Type: INDEX; Schema: public; Owner: -
--

CREATE INDEX trust_lines_by_type_code_issuer ON trust_lines USING btree (asset_type, asset_code, asset_issuer);


--
-- Name: asset_stats asset_stats_id_fkey; Type: FK CONSTRAINT; Schema: public; Owner: -
--

ALTER TABLE ONLY asset_stats
    ADD CONSTRAINT asset_stats_id_fkey FOREIGN KEY (id) REFERENCES history_assets(id) ON UPDATE RESTRICT ON DELETE CASCADE;


--
-- Name: exp_history_trades exp_history_trades_base_account_id_fkey; Type: FK CONSTRAINT; Schema: public; Owner: -
--

ALTER TABLE ONLY exp_history_trades
    ADD CONSTRAINT exp_history_trades_base_account_id_fkey FOREIGN KEY (base_account_id) REFERENCES exp_history_accounts(id);


--
-- Name: exp_history_trades exp_history_trades_base_asset_id_fkey; Type: FK CONSTRAINT; Schema: public; Owner: -
--

ALTER TABLE ONLY exp_history_trades
    ADD CONSTRAINT exp_history_trades_base_asset_id_fkey FOREIGN KEY (base_asset_id) REFERENCES exp_history_assets(id);


--
-- Name: exp_history_trades exp_history_trades_counter_account_id_fkey; Type: FK CONSTRAINT; Schema: public; Owner: -
--

ALTER TABLE ONLY exp_history_trades
    ADD CONSTRAINT exp_history_trades_counter_account_id_fkey FOREIGN KEY (counter_account_id) REFERENCES exp_history_accounts(id);


--
-- Name: exp_history_trades exp_history_trades_counter_asset_id_fkey; Type: FK CONSTRAINT; Schema: public; Owner: -
--

ALTER TABLE ONLY exp_history_trades
    ADD CONSTRAINT exp_history_trades_counter_asset_id_fkey FOREIGN KEY (counter_asset_id) REFERENCES exp_history_assets(id);


--
-- Name: history_trades history_trades_base_account_id_fkey; Type: FK CONSTRAINT; Schema: public; Owner: -
--

ALTER TABLE ONLY history_trades
    ADD CONSTRAINT history_trades_base_account_id_fkey FOREIGN KEY (base_account_id) REFERENCES history_accounts(id);


--
-- Name: history_trades history_trades_base_asset_id_fkey; Type: FK CONSTRAINT; Schema: public; Owner: -
--

ALTER TABLE ONLY history_trades
    ADD CONSTRAINT history_trades_base_asset_id_fkey FOREIGN KEY (base_asset_id) REFERENCES history_assets(id);


--
-- Name: history_trades history_trades_counter_account_id_fkey; Type: FK CONSTRAINT; Schema: public; Owner: -
--

ALTER TABLE ONLY history_trades
    ADD CONSTRAINT history_trades_counter_account_id_fkey FOREIGN KEY (counter_account_id) REFERENCES history_accounts(id);


--
-- Name: history_trades history_trades_counter_asset_id_fkey; Type: FK CONSTRAINT; Schema: public; Owner: -
--

ALTER TABLE ONLY history_trades
    ADD CONSTRAINT history_trades_counter_asset_id_fkey FOREIGN KEY (counter_asset_id) REFERENCES history_assets(id);


--
-- PostgreSQL database dump complete
--

